strategy,run_id,map_seed,timestep,coverage,total_distance,sensing_redundancy,visit_overlap,num_clusters,num_active_drones,exploration_efficiency,mean_pairwise_distance,movement_efficiency,nodes_expanded
cluster_utility_frontier,4,4,1,0.35000000000000003,5,71.31147540983606,0.0,0,0,1.0,1.3478708664619075,1.0,0
cluster_utility_frontier,4,4,2,0.42,10,83.65758754863813,20.0,3,5,0.8,1.3478708664619075,0.8,504
cluster_utility_frontier,4,4,3,0.48,15,87.84810126582279,33.33333333333333,3,5,0.6666666666666666,1.5048627177541056,0.6666666666666666,504
cluster_utility_frontier,4,4,4,0.58,20,89.11819887429644,30.0,3,5,0.7,2.277659594787751,0.7,504
cluster_utility_frontier,4,4,5,0.67,25,90.02976190476191,32.0,3,2,0.68,2.4556395895082646,0.68,685
cluster_utility_frontier,4,4,6,0.79,30,90.24691358024691,30.0,5,1,0.7,3.295274968752917,0.7,782
cluster_utility_frontier,4,4,7,0.89,35,90.56203605514315,28.57142857142857,5,1,0.7142857142857143,3.9512621076418113,0.7142857142857143,782
cluster_utility_frontier,4,4,8,0.9199999999999999,40,91.4577530176416,28.205128205128204,2,4,0.7,3.4180405943969965,0.7,2797
cluster_utility_frontier,4,4,9,0.97,45,91.99009083402146,27.27272727272727,2,4,0.7111111111111111,3.6880002408676775,0.7111111111111111,2797
cluster_utility_frontier,4,4,10,1.0699999999999998,50,92.04460966542752,26.53061224489796,4,1,0.72,4.341786968881665,0.72,2896
cluster_utility_frontier,4,4,11,1.17,55,92.08389715832206,25.925925925925924,4,1,0.7272727272727273,5.1986815409342375,0.7272727272727273,2896
cluster_utility_frontier,4,4,12,1.29,60,92.01732673267327,24.137931034482758,5,1,0.7333333333333333,5.613118550407695,0.7333333333333333,3016
cluster_utility_frontier,4,4,13,1.41,65,91.98408186469585,24.193548387096776,4,2,0.7230769230769231,5.98720077154409,0.7230769230769231,3598
cluster_utility_frontier,4,4,14,1.51,70,92.06516027325276,25.37313432835821,4,1,0.7142857142857143,6.1944060176138365,0.7142857142857143,3793
cluster_utility_frontier,4,4,15,1.59,75,92.21351616062684,26.38888888888889,6,1,0.7066666666666667,6.797071419311713,0.7066666666666667,3848
cluster_utility_frontier,4,4,16,1.69,80,92.26898444647759,26.31578947368421,5,1,0.7,7.026602521985535,0.7,4061
cluster_utility_frontier,4,4,17,1.8399999999999999,85,92.1030042918455,25.925925925925924,5,1,0.7058823529411765,7.113369241395199,0.7058823529411765,4257
cluster_utility_frontier,4,4,18,1.9900000000000002,90,91.95634599838318,25.581395348837212,3,1,0.7111111111111111,7.14007780460135,0.7111111111111111,4438
cluster_utility_frontier,4,4,19,2.12,95,91.9022154316272,25.274725274725274,3,1,0.7157894736842105,7.575965672313285,0.7157894736842105,4629
cluster_utility_frontier,4,4,20,2.29,100,91.70890658942795,23.958333333333336,5,1,0.73,8.288820914447424,0.73,4829
cluster_utility_frontier,4,4,21,2.4,105,91.74122505161735,23.0,2,2,0.7333333333333333,7.922510446017773,0.7333333333333333,5211
cluster_utility_frontier,4,4,22,2.48,110,91.8688524590164,23.076923076923077,5,1,0.7272727272727273,8.134231743064763,0.7272727272727273,5340
cluster_utility_frontier,4,4,23,2.59,115,91.89104571070757,24.074074074074073,3,2,0.7130434782608696,8.762169995473624,0.7130434782608696,6011
cluster_utility_frontier,4,4,24,2.67,120,92.00359389038636,24.107142857142858,3,1,0.7083333333333334,8.009965693625103,0.7083333333333334,6222
cluster_utility_frontier,4,4,25,2.81,125,91.9345579793341,23.275862068965516,3,1,0.712,7.607290862353071,0.712,6222
cluster_utility_frontier,4,4,26,2.93,130,91.9261504546707,22.31404958677686,5,2,0.7230769230769231,6.988513824595442,0.7230769230769231,6562
cluster_utility_frontier,4,4,27,3.06,135,91.8918918918919,22.22222222222222,8,1,0.725925925925926,6.914773982028945,0.725925925925926,6627
cluster_utility_frontier,4,4,28,3.16,140,91.93671855065068,22.137404580152673,8,1,0.7285714285714285,6.535209601232867,0.7285714285714285,6627
cluster_utility_frontier,4,4,29,3.2099999999999995,145,92.1013779527559,21.323529411764707,4,2,0.7379310344827587,6.262897019624591,0.7379310344827587,7134
cluster_utility_frontier,4,4,30,3.29,150,92.18341648847708,21.428571428571427,4,1,0.7333333333333333,6.589589778710365,0.7333333333333333,7354
cluster_utility_frontier,4,4,31,3.38,155,92.23702342673403,21.379310344827587,6,1,0.7354838709677419,7.3999822269102085,0.7354838709677419,7493
cluster_utility_frontier,4,4,32,3.5000000000000004,160,92.22049344298733,20.666666666666668,6,2,0.74375,8.087123207583314,0.74375,7956
cluster_utility_frontier,4,4,33,3.65,165,92.14039621016366,20.0,6,1,0.7515151515151515,9.010146323566659,0.7515151515151515,8067
cluster_utility_frontier,4,4,34,3.84,170,91.9816245562748,19.375,6,1,0.7588235294117647,10.079225747369382,0.7588235294117647,8067
cluster_utility_frontier,4,4,35,4.04,175,91.81191730847182,18.787878787878785,7,3,0.7657142857142857,10.76845849857028,0.7657142857142857,8809
cluster_utility_frontier,4,4,36,4.24,180,91.65189998031109,18.235294117647058,7,3,0.7722222222222223,12.038122314276311,0.7722222222222223,8809
cluster_utility_frontier,4,4,37,4.41,185,91.55819295558959,17.71428571428571,5,1,0.7783783783783784,12.660013114696786,0.7783783783783784,9154
cluster_utility_frontier,4,4,38,4.5,190,91.61855094058484,17.22222222222222,6,2,0.7842105263157895,12.08841422966761,0.7842105263157895,9753
cluster_utility_frontier,4,4,39,4.63,195,91.60166878287683,16.756756756756758,6,1,0.7897435897435897,13.094398329004594,0.7897435897435897,10057
cluster_utility_frontier,4,4,40,4.72,200,91.64749601840381,16.315789473684212,7,1,0.795,13.740730262676763,0.795,10210
cluster_utility_frontier,4,4,41,4.79,205,91.71853388658367,15.979381443298967,7,1,0.7951219512195122,14.45325180863953,0.7951219512195122,10603
cluster_utility_frontier,4,4,42,4.89,210,91.7356768632753,15.577889447236181,8,1,0.8,14.496300469300419,0.8,11094
cluster_utility_frontier,4,4,43,4.99,215,91.74524400330853,15.196078431372548,8,2,0.8046511627906977,14.994272542101935,0.8046511627906977,11359
cluster_utility_frontier,4,4,44,5.09,220,91.75441438522599,14.832535885167463,6,1,0.8090909090909091,15.441068430914054,0.8090909090909091,11678
cluster_utility_frontier,4,4,45,5.220000000000001,225,91.70902160101652,14.485981308411214,6,1,0.8133333333333334,16.24368138175662,0.8133333333333334,11678
cluster_utility_frontier,4,4,46,5.33,230,91.70298879202988,14.61187214611872,8,3,0.8130434782608695,16.318017165491618,0.8130434782608695,12183
cluster_utility_frontier,4,4,47,5.42,235,91.72771672771673,14.732142857142858,8,3,0.8127659574468085,16.446503794621975,0.8127659574468085,12183
cluster_utility_frontier,4,4,48,5.53,240,91.72155688622755,14.912280701754385,8,3,0.8083333333333333,16.94023423295455,0.8083333333333333,12183
cluster_utility_frontier,4,4,49,5.64,245,91.7156286721504,15.086206896551724,6,3,0.8040816326530612,17.582213513178207,0.8040816326530612,12822
cluster_utility_frontier,4,4,50,5.81,250,91.62341407151095,15.18987341772152,6,3,0.804,18.415068158067534,0.804,12822
cluster_utility_frontier,4,4,51,5.96,255,91.56882161550432,15.289256198347106,6,3,0.803921568627451,18.289258051963262,0.803921568627451,12822
cluster_utility_frontier,4,4,52,6.1,260,91.53600666019148,14.979757085020243,11,3,0.8076923076923077,18.058691316110576,0.8076923076923077,13172
cluster_utility_frontier,4,4,53,6.25,265,91.4850136239782,14.682539682539684,10,2,0.8113207547169812,18.808224511584534,0.8113207547169812,14431
cluster_utility_frontier,4,4,54,6.460000000000001,270,91.35554663455106,14.396887159533073,10,2,0.8148148148148148,19.216074061979366,0.8148148148148148,14431
cluster_utility_frontier,4,4,55,6.58,275,91.35007230182727,14.17624521072797,6,2,0.8145454545454546,19.08781295032947,0.8145454545454546,14960
cluster_utility_frontier,4,4,56,6.710000000000001,280,91.33746449780531,13.962264150943396,8,3,0.8142857142857143,19.328504467699272,0.8142857142857143,16179
cluster_utility_frontier,4,4,57,6.87,285,91.287254280279,13.703703703703704,8,3,0.8175438596491228,20.021404319942075,0.8175438596491228,16179
cluster_utility_frontier,4,4,58,7.04,290,91.23069257598405,13.454545454545455,8,3,0.8206896551724138,20.461733225443325,0.8206896551724138,16179
cluster_utility_frontier,4,4,59,7.16,295,91.23301089751439,13.214285714285715,8,1,0.823728813559322,20.919947207090456,0.823728813559322,16279
cluster_utility_frontier,4,4,60,7.3,300,91.21117264627979,12.982456140350877,9,1,0.8266666666666667,21.41415387065846,0.8266666666666667,16411
cluster_utility_frontier,4,4,61,7.42,305,91.2085308056872,13.148788927335639,9,1,0.8229508196721311,22.159153666896454,0.8229508196721311,17583
cluster_utility_frontier,4,4,62,7.59,310,91.147655703289,12.925170068027212,7,2,0.8258064516129032,22.832873988867924,0.8258064516129032,18103
cluster_utility_frontier,4,4,63,7.76,315,91.08865411116214,12.709030100334449,10,1,0.8285714285714286,23.55978050982273,0.8285714285714286,18406
cluster_utility_frontier,4,4,64,7.9399999999999995,320,91.02013119203801,12.828947368421053,10,1,0.828125,23.893797760372298,0.828125,18406
cluster_utility_frontier,4,4,65,8.16,325,90.9141520988754,12.62135922330097,8,3,0.8307692307692308,23.991166537279646,0.8307692307692308,19523
cluster_utility_frontier,4,4,66,8.33,330,90.86522645026866,12.420382165605096,7,2,0.8333333333333334,24.56832975763491,0.8333333333333334,20667
cluster_utility_frontier,4,4,67,8.469999999999999,335,90.85016744085557,12.225705329153605,7,2,0.835820895522388,24.93509235223217,0.835820895522388,20667
cluster_utility_frontier,4,4,68,8.6,340,90.84132055378062,12.037037037037036,7,2,0.8382352941176471,26.063635191836283,0.8382352941176471,21177
cluster_utility_frontier,4,4,69,8.77,345,90.78587938642572,11.854103343465045,9,1,0.8405797101449275,26.93867844200836,0.8405797101449275,21949
cluster_utility_frontier,4,4,70,8.959999999999999,350,90.71117561683599,11.676646706586826,8,2,0.8428571428571429,27.43523610946619,0.8428571428571429,22378
cluster_utility_frontier,4,4,71,9.09,355,90.70932134096485,11.504424778761061,8,2,0.8450704225352113,26.894912371528108,0.8450704225352113,22378
cluster_utility_frontier,4,4,72,9.27,360,90.65806711679936,11.337209302325581,7,1,0.8472222222222222,26.91361734878324,0.8472222222222222,23233
cluster_utility_frontier,4,4,73,9.41,365,90.64798250844763,11.174785100286533,8,2,0.8493150684931506,27.333267155612692,0.8493150684931506,23728
cluster_utility_frontier,4,4,74,9.53,370,90.65319733228718,11.016949152542372,8,2,0.8513513513513513,27.851306746815283,0.8513513513513513,23728
cluster_utility_frontier,4,4,75,9.62,375,90.69182389937107,10.893854748603351,6,2,0.8506666666666667,27.630438711072294,0.8506666666666667,24694
cluster_utility_frontier,4,4,76,9.75,380,90.69123544013749,10.773480662983426,6,2,0.85,27.69194628987109,0.85,26279
cluster_utility_frontier,4,4,77,9.85,385,90.71892961462358,10.655737704918032,6,1,0.8493506493506493,27.54463561515588,0.8493506493506493,26676
cluster_utility_frontier,4,4,78,9.94,390,90.75090722992462,10.569105691056912,6,1,0.8461538461538461,27.68756859484963,0.8461538461538461,26676
cluster_utility_frontier,4,4,79,10.03,395,90.78125,10.483870967741936,5,1,0.8430379746835444,28.044917215833824,0.8430379746835444,27023
cluster_utility_frontier,4,4,80,10.11,400,90.8157703488372,10.427807486631016,6,2,0.8375,28.19063180486291,0.8375,28019
cluster_utility_frontier,4,4,81,10.17,405,90.87155551566288,10.344827586206897,6,2,0.8345679012345679,27.744191258905317,0.8345679012345679,28019
cluster_utility_frontier,4,4,82,10.22,410,90.93087230455231,10.29023746701847,6,2,0.8292682926829268,27.42917619286512,0.8292682926829268,28019
cluster_utility_frontier,4,4,83,10.299999999999999,415,90.96649710577091,10.209424083769633,7,1,0.8265060240963855,27.147118326574702,0.8265060240963855,28986
cluster_utility_frontier,4,4,84,10.39,420,90.99341192787794,10.077519379844961,7,1,0.8285714285714286,26.977817859296408,0.8285714285714286,28986
cluster_utility_frontier,4,4,85,10.52,425,90.98543273350471,9.948979591836734,10,1,0.8305882352941176,26.733489237246374,0.8305882352941176,29269
cluster_utility_frontier,4,4,86,10.66,430,90.96916299559471,9.82367758186398,7,1,0.8325581395348837,27.400878309792517,0.8325581395348837,30258
cluster_utility_frontier,4,4,87,10.79,435,90.96541907393451,9.701492537313433,7,1,0.8344827586206897,27.115166904183962,0.8344827586206897,30258
cluster_utility_frontier,4,4,88,10.97,440,90.92413336642674,9.582309582309582,7,2,0.8363636363636363,27.115166904183962,0.8363636363636363,31529
cluster_utility_frontier,4,4,89,11.110000000000001,445,90.91652358760527,9.70873786407767,7,2,0.8359550561797753,27.929999303124838,0.8359550561797753,31529
cluster_utility_frontier,4,4,90,11.24,450,90.9164376919347,9.832134292565947,7,2,0.8355555555555556,28.69863857568303,0.8355555555555556,31529
cluster_utility_frontier,4,4,91,11.379999999999999,455,90.9090909090909,9.95260663507109,12,2,0.8351648351648352,28.820541412600285,0.8351648351648352,31796
cluster_utility_frontier,4,4,92,11.55,460,90.87821829094929,10.070257611241217,11,2,0.8347826086956521,29.670152197007127,0.8347826086956521,32032
cluster_utility_frontier,4,4,93,11.78,465,90.80118694362018,10.185185185185185,11,1,0.8344086021505376,30.27247590561697,0.8344086021505376,32124
cluster_utility_frontier,4,4,94,11.93,470,90.78337453646476,10.068649885583524,12,1,0.8361702127659575,31.3310710728853,0.8361702127659575,32286
cluster_utility_frontier,4,4,95,12.07,475,90.77710705280049,9.977324263038549,10,1,0.8357894736842105,31.432042550351866,0.8357894736842105,32630
cluster_utility_frontier,4,4,96,12.280000000000001,480,90.71806500377929,9.865470852017937,11,2,0.8375,32.162767247705304,0.8375,33105
cluster_utility_frontier,4,4,97,12.46,485,90.67993118408258,9.75609756097561,15,1,0.8391752577319588,32.46674962196565,0.8391752577319588,33173
cluster_utility_frontier,4,4,98,12.67,490,90.62037311222979,9.649122807017543,16,1,0.8408163265306122,32.577143804096316,0.8408163265306122,35182
cluster_utility_frontier,4,4,99,12.83,495,90.59866637356195,9.544468546637743,15,1,0.8424242424242424,33.299302981818826,0.8424242424242424,35256
cluster_utility_frontier,4,4,100,13.0,500,90.5735624682764,9.44206008583691,17,2,0.844,33.25384396061768,0.844,37413
cluster_utility_frontier,4,4,101,13.139999999999999,505,90.57050592034446,9.341825902335456,18,1,0.8455445544554455,32.95722648404356,0.8455445544554455,38613
cluster_utility_frontier,4,4,102,13.239999999999998,510,90.5959230058953,9.282700421940929,19,2,0.8431372549019608,33.253506499664674,0.8431372549019608,40785
cluster_utility_frontier,4,4,103,13.36,515,90.60676369261056,9.205020920502092,18,1,0.8427184466019417,33.61937841053903,0.8427184466019417,40934
cluster_utility_frontier,4,4,104,13.489999999999998,520,90.61042667223498,9.109730848861282,16,1,0.8442307692307692,33.94107242761383,0.8442307692307692,43065
cluster_utility_frontier,4,4,105,13.63,525,90.6071256288333,9.034907597535934,16,1,0.8438095238095238,34.49460406358323,0.8438095238095238,43299
cluster_utility_frontier,4,4,106,13.81,530,90.57659501876493,8.94308943089431,15,1,0.8452830188679246,34.63191936083325,0.8452830188679246,44485
cluster_utility_frontier,4,4,107,13.99,535,90.54665855801068,8.853118712273641,14,2,0.8467289719626169,34.63191936083325,0.8467289719626169,45941
cluster_utility_frontier,4,4,108,14.14,540,90.53420805998125,8.964143426294822,14,2,0.8462962962962963,35.0879440983393,0.8462962962962963,45941
cluster_utility_frontier,4,4,109,14.330000000000002,545,90.49545665583338,9.072978303747535,17,2,0.8458715596330275,35.91242971088539,0.8458715596330275,46351
cluster_utility_frontier,4,4,110,14.510000000000002,550,90.46398527865405,9.1796875,14,2,0.8454545454545455,36.29463829123123,0.8454545454545455,48976
cluster_utility_frontier,4,4,111,14.680000000000001,555,90.43959622272875,9.284332688588009,14,1,0.8450450450450451,36.62538430385958,0.8450450450450451,50258
cluster_utility_frontier,4,4,112,14.85,560,90.41873669268985,9.195402298850574,15,1,0.8464285714285714,36.34692030310656,0.8464285714285714,50674
cluster_utility_frontier,4,4,113,15.03,565,90.39248274098696,9.108159392789373,12,1,0.8477876106194691,36.28733520496883,0.8477876106194691,50969
cluster_utility_frontier,4,4,114,15.17,570,90.39204509468617,9.03954802259887,16,1,0.8473684210526315,36.13103270213755,0.8473684210526315,51197
cluster_utility_frontier,4,4,115,15.310000000000002,575,90.39161541358102,8.955223880597014,16,1,0.8486956521739131,36.52154226887752,0.8486956521739131,51260
cluster_utility_frontier,4,4,116,15.49,580,90.36631631320355,8.872458410351202,15,2,0.85,36.360552997922596,0.85,52037
cluster_utility_frontier,4,4,117,15.67,585,90.3414694280079,8.791208791208792,17,1,0.8512820512820513,36.367630282630486,0.8512820512820513,52331
cluster_utility_frontier,4,4,118,15.840000000000002,590,90.32317184922721,8.892921960072595,22,2,0.8508474576271187,35.99360275309611,0.8508474576271187,52469
cluster_utility_frontier,4,4,119,15.97,595,90.32941746396996,9.00900900900901,20,1,0.8487394957983193,35.43494789154202,0.8487394957983193,52629
cluster_utility_frontier,4,4,120,16.08,600,90.34755987754367,9.123434704830053,20,1,0.8466666666666667,35.060559534652164,0.8466666666666667,52629
cluster_utility_frontier,4,4,121,16.17,605,90.37729112116163,9.236234458259325,21,2,0.8446280991735537,35.06678632203831,0.8446280991735537,54245
cluster_utility_frontier,4,4,122,16.35,610,90.35341318071862,9.15492957746479,21,2,0.8459016393442623,35.06678632203831,0.8459016393442623,54245
cluster_utility_frontier,4,4,123,16.619999999999997,615,90.27729027729028,9.07504363001745,21,2,0.8471544715447155,35.626615447489016,0.8471544715447155,54245
cluster_utility_frontier,4,4,124,16.86,620,90.21985033934683,8.996539792387544,23,1,0.8483870967741935,35.63403480487812,0.8483870967741935,54290
cluster_utility_frontier,4,4,125,17.1,625,90.16336861481822,8.919382504288166,23,3,0.8496,35.7455371780876,0.8496,54711
cluster_utility_frontier,4,4,126,17.36,630,90.0964116606766,8.843537414965986,23,3,0.8507936507936508,35.87730800221813,0.8507936507936508,54711
cluster_utility_frontier,4,4,127,17.62,635,90.03055335521104,8.768971332209107,30,2,0.8519685039370078,36.43598892573349,0.8519685039370078,54927
cluster_utility_frontier,4,4,128,17.83,640,89.99382681407486,8.695652173913043,27,1,0.853125,36.56688602171394,0.853125,56385
cluster_utility_frontier,4,4,129,18.01,645,89.97439323090626,8.623548922056385,29,2,0.8542635658914729,36.8794818605355,0.8542635658914729,56563
cluster_utility_frontier,4,4,130,18.18,650,89.96079297586836,8.552631578947368,29,2,0.8553846153846154,37.610872744145965,0.8553846153846154,56563
cluster_utility_frontier,4,4,131,18.37,655,89.93645228443081,8.482871125611746,31,2,0.8564885496183207,37.831119518934294,0.8564885496183207,58253
cluster_utility_frontier,4,4,132,18.529999999999998,660,89.92880047828686,8.414239482200648,29,3,0.8575757575757575,37.84356538161034,0.8575757575757575,58615
cluster_utility_frontier,4,4,133,18.75,665,89.88891285591026,8.346709470304976,29,3,0.8586466165413534,38.37172016929118,0.8586466165413534,58615
cluster_utility_frontier,4,4,134,18.990000000000002,670,89.83894269356306,8.280254777070063,29,1,0.8597014925373134,38.656826028893775,0.8597014925373134,58734
cluster_utility_frontier,4,4,135,19.18,675,89.81628968886058,8.214849921011059,29,4,0.8607407407407407,38.99274059069752,0.8607407407407407,60740
cluster_utility_frontier,4,4,136,19.37,680,89.79398282312029,8.150470219435736,29,4,0.861764705882353,39.527610191349474,0.861764705882353,60740
cluster_utility_frontier,4,4,137,19.55,685,89.77724325454926,8.087091757387247,31,1,0.8627737226277372,39.59545263491966,0.8627737226277372,62440
cluster_utility_frontier,4,4,138,19.73,690,89.76075561783176,8.0370942812983,34,4,0.8623188405797102,39.87621948703879,0.8623188405797102,65014
cluster_utility_frontier,4,4,139,19.96,695,89.71875965797878,7.975460122699387,34,4,0.8633093525179856,39.6681615467945,0.8633093525179856,65014
cluster_utility_frontier,4,4,140,20.150000000000002,700,89.69783731274606,7.91476407914764,34,4,0.8642857142857143,39.62483102205615,0.8642857142857143,65014
cluster_utility_frontier,4,4,141,20.26,705,89.71782379212343,7.878787878787878,34,3,0.8624113475177305,39.17125183447158,0.8624113475177305,68520
cluster_utility_frontier,4,4,142,20.39,710,89.72744218852336,7.819548872180452,34,3,0.8633802816901408,39.41953242730291,0.8633802816901408,68520
cluster_utility_frontier,4,4,143,20.549999999999997,715,89.7219165749725,7.761194029850746,33,1,0.8643356643356643,39.67943422032713,0.8643356643356643,68737
cluster_utility_frontier,4,4,144,20.7,720,89.72143601966334,8.0,35,2,0.8625,39.94891347512883,0.8625,69065
cluster_utility_frontier,4,4,145,20.87,725,89.71110234667718,7.941176470588235,34,1,0.863448275862069,40.028645063385845,0.863448275862069,69306
cluster_utility_frontier,4,4,146,21.02,730,89.71070536981742,7.883211678832117,33,1,0.8643835616438356,40.41423224284501,0.8643835616438356,69344
cluster_utility_frontier,4,4,147,21.14,735,89.72489549917371,7.837445573294629,33,2,0.8639455782312925,40.51515235025231,0.8639455782312925,69788
cluster_utility_frontier,4,4,148,21.27,740,89.73406052415656,7.792207792207792,31,1,0.8635135135135135,40.32947332851628,0.8635135135135135,70064
cluster_utility_frontier,4,4,149,21.45,745,89.71913343558282,7.736389684813753,31,1,0.8644295302013423,40.44410160360565,0.8644295302013423,71808
cluster_utility_frontier,4,4,150,21.67,750,89.68488194973344,7.681365576102419,31,1,0.8653333333333333,40.93192025197275,0.8653333333333333,72137
cluster_utility_frontier,4,4,151,21.91,755,89.64164145234493,7.627118644067797,31,2,0.866225165562914,40.86895832560046,0.866225165562914,72560
cluster_utility_frontier,4,4,152,22.14,760,89.60368144252442,7.5736325385694245,32,2,0.8671052631578947,40.56426435479551,0.8671052631578947,74461
cluster_utility_frontier,4,4,153,22.33,765,89.5848880597015,7.520891364902507,34,1,0.8679738562091504,40.135576747942835,0.8679738562091504,76272
cluster_utility_frontier,4,4,154,22.55,770,89.55244625648629,7.468879668049793,37,2,0.8688311688311688,40.15277381585763,0.8688311688311688,78331
cluster_utility_frontier,4,4,155,22.81,775,89.50202503681885,7.417582417582418,36,2,0.8696774193548387,39.984070334817396,0.8696774193548387,82092
cluster_utility_frontier,4,4,156,23.02,780,89.4751280175567,7.3669849931787175,38,1,0.8705128205128205,40.389197459679096,0.8705128205128205,82149
cluster_utility_frontier,4,4,157,23.25,785,89.43949854651163,7.317073170731707,38,2,0.8713375796178344,40.57426385763654,0.8713375796178344,82299
cluster_utility_frontier,4,4,158,23.41,790,89.43592057761734,7.277628032345014,39,2,0.8708860759493671,40.520932916021835,0.8708860759493671,84572
cluster_utility_frontier,4,4,159,23.62,795,89.4099713055954,7.238605898123325,38,1,0.8704402515723271,40.48192734057581,0.8704402515723271,84693
cluster_utility_frontier,4,4,160,23.74,800,89.42444761225944,7.209612817089453,42,2,0.86875,40.15110211887851,0.86875,86712
cluster_utility_frontier,4,4,161,23.82,805,89.4564447592068,7.1904127829560585,41,1,0.8658385093167702,39.74123912549333,0.8658385093167702,86786
cluster_utility_frontier,4,4,162,23.96,810,89.46164672765659,7.161803713527852,41,1,0.8641975308641975,39.70706292386315,0.8641975308641975,86868
cluster_utility_frontier,4,4,163,24.12,815,89.45804195804196,7.12401055408971,42,1,0.8638036809815951,40.12240654608829,0.8638036809815951,88836
cluster_utility_frontier,4,4,164,24.32,820,89.43710910354413,7.086614173228346,42,1,0.8634146341463415,39.85271492954492,0.8634146341463415,88836
cluster_utility_frontier,4,4,165,24.54,825,89.40780386740332,7.040417209908735,43,2,0.8642424242424243,40.30753701430097,0.8642424242424243,88976
cluster_utility_frontier,4,4,166,24.81,830,89.35741249142073,6.994818652849741,43,2,0.8650602409638555,40.016313214239595,0.8650602409638555,88976
cluster_utility_frontier,4,4,167,25.05,835,89.32042974079127,6.94980694980695,45,2,0.8658682634730539,39.72076747542647,0.8658682634730539,95058
cluster_utility_frontier,4,4,168,25.319999999999997,840,89.27164103215965,6.905370843989769,45,2,0.8666666666666667,38.65649598215629,0.8666666666666667,97169
cluster_utility_frontier,4,4,169,25.590000000000003,845,89.22344815969005,6.861499364675986,45,2,0.8674556213017751,38.12795202763901,0.8674556213017751,97169
cluster_utility_frontier,4,4,170,25.81,850,89.19676865765351,6.8181818181818175,46,2,0.8682352941176471,37.61045119018714,0.8682352941176471,99626
cluster_utility_frontier,4,4,171,26.06,855,89.15792977200864,6.775407779171895,45,3,0.8690058479532163,37.129310392363934,0.8690058479532163,101998
cluster_utility_frontier,4,4,172,26.3,860,89.12369215499773,6.733167082294264,45,3,0.8697674418604651,37.15764363696296,0.8697674418604651,101998
cluster_utility_frontier,4,4,173,26.5,865,89.10630601003042,6.691449814126393,49,1,0.8705202312138728,37.03644993404817,0.8705202312138728,102077
cluster_utility_frontier,4,4,174,26.72,870,89.08095296473377,6.65024630541872,51,3,0.871264367816092,37.09831148553629,0.871264367816092,104733
cluster_utility_frontier,4,4,175,26.91,875,89.06808579785506,6.609547123623011,51,3,0.872,37.147666489074865,0.872,104733
cluster_utility_frontier,4,4,176,27.139999999999997,880,89.03921489439037,6.569343065693431,50,2,0.8727272727272727,36.3726604521864,0.8727272727272727,104928
cluster_utility_frontier,4,4,177,27.33,885,89.02674054444712,6.529625151148731,49,3,0.8734463276836159,36.78649661424763,0.8734463276836159,107455
cluster_utility_frontier,4,4,178,27.560000000000002,890,88.99844317592111,6.490384615384616,49,3,0.8741573033707866,37.23324311824985,0.8741573033707866,107455
cluster_utility_frontier,4,4,179,27.750000000000004,895,88.98634703921257,6.451612903225806,53,1,0.8748603351955307,37.28614332938614,0.8748603351955307,107520
cluster_utility_frontier,4,4,180,27.939999999999998,900,88.974389329545,6.4209274673008325,52,3,0.8744444444444445,37.828454486532316,0.8744444444444445,107911
cluster_utility_frontier,4,4,181,28.139999999999997,905,88.95864396139058,6.382978723404255,53,1,0.8751381215469614,38.58934547828706,0.8751381215469614,108863
cluster_utility_frontier,4,4,182,28.32,910,88.95087979399945,6.345475910693302,53,1,0.8758241758241758,38.012460370440934,0.8758241758241758,108863
cluster_utility_frontier,4,4,183,28.42,915,88.97423960273122,6.323185011709602,50,2,0.8743169398907104,38.86189268239775,0.8743169398907104,109120
cluster_utility_frontier,4,4,184,28.52,920,88.99691358024691,6.301050175029172,50,2,0.8728260869565218,39.16186657292985,0.8728260869565218,109486
cluster_utility_frontier,4,4,185,28.64,925,89.01166359729895,6.2717770034843205,50,1,0.8724324324324324,39.09608578413365,0.8724324324324324,109649
cluster_utility_frontier,4,4,186,28.88,930,88.98046398046398,6.235565819861432,50,1,0.8731182795698925,39.070774518694776,0.8731182795698925,109649
cluster_utility_frontier,4,4,187,29.099999999999998,935,88.95761393389748,6.199770378874857,50,2,0.8737967914438503,38.34626311990325,0.8737967914438503,112372
cluster_utility_frontier,4,4,188,29.299999999999997,940,88.94256170277002,6.164383561643835,53,1,0.874468085106383,37.84058965353097,0.874468085106383,114741
cluster_utility_frontier,4,4,189,29.45,945,88.94643996546935,6.136363636363637,52,1,0.8740740740740741,37.25441037444577,0.8740740740740741,114913
cluster_utility_frontier,4,4,190,29.659999999999997,950,88.92787815439749,6.101694915254238,53,2,0.8747368421052631,36.822686204559396,0.8747368421052631,115105
cluster_utility_frontier,4,4,191,29.92,955,88.89095162068837,6.067415730337078,52,1,0.875392670157068,36.5849667786551,0.875392670157068,117556
cluster_utility_frontier,4,4,192,30.159999999999997,960,88.86180663269074,6.033519553072626,55,1,0.8760416666666667,36.04909585320804,0.8760416666666667,117603
cluster_utility_frontier,4,4,193,30.34,965,88.85501230577086,6.0066740823136815,52,3,0.8756476683937824,36.485687439304016,0.8756476683937824,117914
cluster_utility_frontier,4,4,194,30.5,970,88.85559777842737,5.9734513274336285,54,1,0.8762886597938144,36.37263976395455,0.8762886597938144,120375
cluster_utility_frontier,4,4,195,30.669999999999998,975,88.85254243448551,5.947136563876652,56,1,0.8758974358974358,36.19430824958912,0.8758974358974358,120509
cluster_utility_frontier,4,4,196,30.880000000000003,980,88.83505676476969,5.914567360350493,59,2,0.8765306122448979,35.55881403619687,0.8765306122448979,120662
cluster_utility_frontier,4,4,197,31.009999999999998,985,88.84652735316332,5.888767720828789,54,2,0.8761421319796955,35.467809824289574,0.8761421319796955,124502
cluster_utility_frontier,4,4,198,31.180000000000003,990,88.84316742405267,5.863192182410423,54,2,0.8757575757575757,35.65777159806348,0.8757575757575757,124502
cluster_utility_frontier,4,4,199,31.319999999999997,995,88.85052151934784,5.831533477321814,56,1,0.8763819095477386,35.72472732836472,0.8763819095477386,127042
cluster_utility_frontier,4,4,200,31.41,1000,88.87353878852284,5.81270182992465,54,3,0.875,36.047156140774334,0.875,129841
cluster_utility_frontier,4,4,201,31.569999999999997,1005,88.87165568049632,5.781584582441114,54,3,0.8756218905472637,36.269710547767104,0.8756218905472637,129841
cluster_utility_frontier,4,4,202,31.72,1010,88.87329872316543,5.7507987220447285,57,1,0.8762376237623762,36.80950699104777,0.8762376237623762,130033
cluster_utility_frontier,4,4,203,31.86,1015,88.88035739215412,5.720338983050848,55,1,0.8768472906403941,36.59706758292741,0.8768472906403941,135096
cluster_utility_frontier,4,4,204,31.96,1020,88.90162169670451,5.70221752903907,58,2,0.8754901960784314,36.275848976133275,0.8754901960784314,138083
cluster_utility_frontier,4,4,205,32.019999999999996,1025,88.93649367700918,5.678233438485805,55,1,0.8751219512195122,36.422604581587976,0.8751219512195122,138348
cluster_utility_frontier,4,4,206,32.1,1030,88.96414205658886,5.654450261780105,55,1,0.874757281553398,36.99004937784552,0.874757281553398,138348
cluster_utility_frontier,4,4,207,32.23,1035,88.97441160372195,5.630865484880084,58,1,0.8743961352657005,36.83166905269633,0.8743961352657005,138457
cluster_utility_frontier,4,4,208,32.39,1040,88.9743677026245,5.607476635514018,58,1,0.8740384615384615,36.699989513033486,0.8740384615384615,141198
cluster_utility_frontier,4,4,209,32.56,1045,88.97093692839239,5.578512396694215,59,1,0.8746411483253589,36.75175646551114,0.8746411483253589,146362
cluster_utility_frontier,4,4,210,32.800000000000004,1050,88.94394445006236,5.549845837615622,58,2,0.8752380952380953,36.51046879363601,0.8752380952380953,149124
cluster_utility_frontier,4,4,211,33.01,1055,88.92727760633302,5.521472392638037,58,2,0.875829383886256,36.67245013942482,0.875829383886256,149124
cluster_utility_frontier,4,4,212,33.160000000000004,1060,88.93080081450078,5.493387589013224,55,2,0.8764150943396226,36.395135319492404,0.8764150943396226,154912
cluster_utility_frontier,4,4,213,33.29,1065,88.94093415719885,5.465587044534413,53,3,0.8769953051643192,36.518752415703396,0.8769953051643192,157798
cluster_utility_frontier,4,4,214,33.42,1070,88.95097034416636,5.438066465256798,53,3,0.8775700934579439,36.00373090109604,0.8775700934579439,157798
cluster_utility_frontier,4,4,215,33.550000000000004,1075,88.96091076599106,5.410821643286573,51,1,0.878139534883721,35.29903405247837,0.878139534883721,158411
cluster_utility_frontier,4,4,216,33.68,1080,88.97075678684874,5.383848454636091,53,2,0.8787037037037037,35.154666288009814,0.8787037037037037,158554
cluster_utility_frontier,4,4,217,33.81,1085,88.98050974512743,5.362462760675273,55,1,0.8783410138248848,35.11310309597068,0.8783410138248848,161378
cluster_utility_frontier,4,4,218,33.96,1090,88.98368313491419,5.33596837944664,55,1,0.8788990825688073,34.758156405057875,0.8788990825688073,161378
cluster_utility_frontier,4,4,219,34.1,1095,88.99005553403073,5.408062930186824,53,2,0.8785388127853881,34.82213349266193,0.8785388127853881,161556
cluster_utility_frontier,4,4,220,34.28,1100,88.98351383488125,5.38160469667319,53,2,0.8790909090909091,34.88607812544687,0.8790909090909091,161556
cluster_utility_frontier,4,4,221,34.38,1105,89.00262299277077,5.355404089581304,53,2,0.8796380090497737,34.99462226796898,0.8796380090497737,161556
cluster_utility_frontier,4,4,222,34.43,1110,89.03747572197281,5.426356589147287,52,2,0.8792792792792793,34.92296848897509,0.8792792792792793,164643
cluster_utility_frontier,4,4,223,34.510000000000005,1115,89.0625,5.501930501930502,52,1,0.8780269058295964,35.66415784041472,0.8780269058295964,167451
cluster_utility_frontier,4,4,224,34.62,1120,89.07783070953087,5.475504322766571,52,1,0.8785714285714286,35.27115284018862,0.8785714285714286,167451
cluster_utility_frontier,4,4,225,34.77,1125,89.08045977011494,5.449330783938815,51,1,0.8791111111111111,35.33970609925123,0.8791111111111111,170411
cluster_utility_frontier,4,4,226,34.86,1130,89.10182261543753,5.428571428571429,50,2,0.8787610619469026,35.70101463840321,0.8787610619469026,173843
cluster_utility_frontier,4,4,227,34.96,1135,89.1198804929665,5.407969639468691,50,1,0.8784140969162996,35.95782675005363,0.8784140969162996,174073
cluster_utility_frontier,4,4,228,35.04,1140,89.14397248814946,5.387523629489603,51,2,0.8780701754385964,36.102730400142796,0.8780701754385964,178155
cluster_utility_frontier,4,4,229,35.14,1145,89.16168034050953,5.367231638418079,51,2,0.8777292576419214,36.90297123717242,0.8777292576419214,178155
cluster_utility_frontier,4,4,230,35.29,1150,89.16387754475389,5.347091932457786,54,1,0.8773913043478261,37.19817434375327,0.8773913043478261,178245
cluster_utility_frontier,4,4,231,35.44,1155,89.16605527023722,5.327102803738318,54,1,0.8770562770562771,37.63905021937694,0.8770562770562771,178245
cluster_utility_frontier,4,4,232,35.57,1160,89.17430075782939,5.307262569832402,52,2,0.8767241379310344,37.436624737215666,0.8767241379310344,181354
cluster_utility_frontier,4,4,233,35.76,1165,89.16429307314708,5.282669138090825,55,1,0.8772532188841202,37.16605865539341,0.8772532188841202,184245
cluster_utility_frontier,4,4,234,35.949999999999996,1170,89.15437294476122,5.350553505535055,55,1,0.8769230769230769,36.82039072061603,0.8769230769230769,184245
cluster_utility_frontier,4,4,235,36.120000000000005,1175,89.15054667788057,5.417814508723599,55,2,0.8765957446808511,36.76254055519017,0.8765957446808511,187240
cluster_utility_frontier,4,4,236,36.32,1180,89.13778149953644,5.484460694698354,56,1,0.8762711864406779,37.051252966657216,0.8762711864406779,190245
cluster_utility_frontier,4,4,237,36.55,1185,89.11619319873742,5.550500454959054,56,1,0.8759493670886076,37.275614994897126,0.8759493670886076,190245
cluster_utility_frontier,4,4,238,36.720000000000006,1190,89.11258042517865,5.615942028985507,57,3,0.8756302521008403,37.47831610780589,0.8756302521008403,190634
cluster_utility_frontier,4,4,239,36.93,1195,89.09718941898913,5.680793507664562,55,1,0.8753138075313808,37.45722500687746,0.8753138075313808,191197
cluster_utility_frontier,4,4,240,37.14,1200,89.08192962342358,5.745062836624776,55,1,0.875,36.855205859093175,0.875,191197
cluster_utility_frontier,4,4,241,37.330000000000005,1205,89.07265382588841,5.808757819481681,59,3,0.8746887966804979,36.10009443633703,0.8746887966804979,191428
cluster_utility_frontier,4,4,242,37.5,1210,89.06928615151428,5.871886120996441,59,3,0.8743801652892562,35.09845668055244,0.8743801652892562,191428
cluster_utility_frontier,4,4,243,37.65,1215,89.07175200278648,5.9344552701505755,59,3,0.8740740740740741,34.74099978268286,0.8740740740740741,191428
cluster_utility_frontier,4,4,244,37.84,1220,89.06263548862619,5.996472663139329,61,2,0.8737704918032787,34.5587631341522,0.8737704918032787,191592
cluster_utility_frontier,4,4,245,38.04,1225,89.05071671176098,6.057945566286216,62,2,0.8734693877551021,34.48344051646974,0.8734693877551021,192124
cluster_utility_frontier,4,4,246,38.129999999999995,1230,89.0704273798263,6.124234470691164,61,1,0.8723577235772357,33.87458875800447,0.8723577235772357,193726
cluster_utility_frontier,4,4,247,38.33,1235,89.0585750171272,6.097560975609756,60,1,0.8728744939271255,33.62983579109793,0.8728744939271255,193796
cluster_utility_frontier,4,4,248,38.47,1240,89.06387696506239,6.157849089332177,62,2,0.8725806451612903,33.427367766315946,0.8725806451612903,197319
cluster_utility_frontier,4,4,249,38.66,1245,89.05497989921297,6.217616580310881,62,2,0.8722891566265061,32.37135681658877,0.8722891566265061,197319
cluster_utility_frontier,4,4,250,38.85,1250,89.04615558124453,6.282271944922548,60,2,0.8712,31.380054246647443,0.8712,200819
cluster_utility_frontier,4,4,251,39.07,1255,89.0289789958441,6.2553556126820915,65,1,0.8717131474103585,30.91228245786861,0.8717131474103585,200880
cluster_utility_frontier,4,4,252,39.25,1260,89.02312833850714,6.23398804440649,65,1,0.8714285714285714,31.155868512015605,0.8714285714285714,204625
cluster_utility_frontier,4,4,253,39.48,1265,89.00339813937941,6.207482993197279,65,1,0.8719367588932806,30.81280241776097,0.8719367588932806,207774
cluster_utility_frontier,4,4,254,39.71,1270,88.98382667073544,6.181202370872143,70,2,0.8724409448818897,30.765868715645524,0.8724409448818897,208238
cluster_utility_frontier,4,4,255,39.89,1275,88.97822723253758,6.160337552742616,66,1,0.8721568627450981,30.67828940519424,0.8721568627450981,214545
cluster_utility_frontier,4,4,256,40.01,1280,88.98918457770316,6.139613120269134,67,1,0.871875,31.12968466333367,0.871875,214631
cluster_utility_frontier,4,4,257,40.12,1285,89.00279589934762,6.119027661357921,66,2,0.8715953307392996,31.054207835587135,0.8715953307392996,215553
cluster_utility_frontier,4,4,258,40.239999999999995,1290,89.01356922488874,6.176961602671119,66,2,0.8713178294573644,31.10750113040657,0.8713178294573644,215553
cluster_utility_frontier,4,4,259,40.42,1295,89.00794082454041,6.234413965087282,66,2,0.871042471042471,30.633340267337054,0.871042471042471,215553
cluster_utility_frontier,4,4,260,40.62,1300,88.99693907955685,6.208609271523178,68,2,0.8715384615384615,30.297590127407364,0.8715384615384615,215698
cluster_utility_frontier,4,4,261,40.86,1305,88.9752306945119,6.1830173124484755,69,1,0.8720306513409962,29.916596066905747,0.8720306513409962,215977
cluster_utility_frontier,4,4,262,41.010000000000005,1310,88.97788050635633,6.157635467980295,67,1,0.8725190839694656,29.082840353416902,0.8725190839694656,216162
cluster_utility_frontier,4,4,263,41.11,1315,88.99389590918825,6.214227309893704,70,2,0.8722433460076046,28.996328868795626,0.8722433460076046,216270
cluster_utility_frontier,4,4,264,41.25,1320,88.99911992959437,6.270358306188925,70,2,0.871969696969697,28.751842649321834,0.871969696969697,216270
cluster_utility_frontier,4,4,265,41.410000000000004,1325,88.99899048934701,6.326034063260341,66,2,0.8716981132075472,28.05453095442852,0.8716981132075472,219695
cluster_utility_frontier,4,4,266,41.56,1330,89.00150845528886,6.30048465266559,66,2,0.8721804511278195,28.091629266803274,0.8721804511278195,220225
cluster_utility_frontier,4,4,267,41.67,1335,89.0145523568491,6.275140788415125,66,2,0.8726591760299626,28.756209805846048,0.8726591760299626,220225
cluster_utility_frontier,4,4,268,41.82,1340,89.01699188486488,6.25,67,2,0.8731343283582089,28.996144223763558,0.8731343283582089,226984
cluster_utility_frontier,4,4,269,41.94,1345,89.02726178640573,6.230031948881789,66,1,0.8728624535315985,28.805277085304613,0.8728624535315985,227095
cluster_utility_frontier,4,4,270,42.120000000000005,1350,89.02181562280084,6.205250596658711,67,1,0.8733333333333333,29.157090703262575,0.8733333333333333,230437
cluster_utility_frontier,4,4,271,42.28,1355,89.02160365600332,6.180665610142631,67,1,0.8738007380073801,29.71083874891221,0.8738007380073801,230437
cluster_utility_frontier,4,4,272,42.449999999999996,1360,89.01880642574437,6.156274664561957,67,1,0.8742647058823529,30.16991575820318,0.8742647058823529,230513
cluster_utility_frontier,4,4,273,42.63,1365,89.01345291479821,6.132075471698113,67,1,0.8747252747252747,30.662125960480353,0.8747252747252747,230630
cluster_utility_frontier,4,4,274,42.77,1370,89.01840963360465,6.112852664576803,68,3,0.8744525547445255,30.84586338959337,0.8744525547445255,233926
cluster_utility_frontier,4,4,275,42.93,1375,89.01821344520619,6.09375,65,1,0.8741818181818182,30.79846472011463,0.8741818181818182,234051
cluster_utility_frontier,4,4,276,43.08,1380,89.02056732166068,6.070038910505836,67,1,0.8746376811594203,30.23930951858511,0.8746376811594203,234174
cluster_utility_frontier,4,4,277,43.269999999999996,1385,89.01274694022649,6.046511627906977,67,1,0.8750902527075812,30.015095169721302,0.8750902527075812,234174
cluster_utility_frontier,4,4,278,43.419999999999995,1390,89.01510360007083,6.0278207109737245,68,2,0.874820143884892,30.644526042910496,0.874820143884892,234486
cluster_utility_frontier,4,4,279,43.53,1395,89.0275257108288,6.0046189376443415,70,1,0.875268817204301,31.235724819542583,0.875268817204301,234544
cluster_utility_frontier,4,4,280,43.7,1400,89.02478840696185,5.98159509202454,70,1,0.8757142857142857,31.045560426228427,0.8757142857142857,234634
cluster_utility_frontier,4,4,281,43.9,1405,89.01456383564386,5.958747135217724,68,1,0.8761565836298932,30.643066809099633,0.8761565836298932,234789
cluster_utility_frontier,4,4,282,44.09,1410,89.00690652504551,5.93607305936073,67,2,0.8765957446808511,30.543525581376294,0.8765957446808511,238631
cluster_utility_frontier,4,4,283,44.25,1415,89.00675742820232,5.913570887035633,65,2,0.8770318021201413,30.949044757078845,0.8770318021201413,239014
cluster_utility_frontier,4,4,284,44.42,1420,89.00413397034434,5.8912386706948645,65,1,0.8774647887323944,30.70320651760584,0.8774647887323944,241149
cluster_utility_frontier,4,4,285,44.56,1425,89.00892901188891,5.873493975903615,61,2,0.8771929824561403,30.616604655455347,0.8771929824561403,245604
cluster_utility_frontier,4,4,286,44.629999999999995,1430,89.03089438887115,5.8558558558558556,66,1,0.8769230769230769,31.083344090439823,0.8769230769230769,245673
cluster_utility_frontier,4,4,287,44.769999999999996,1435,89.03556034482759,5.838323353293413,65,2,0.8766550522648083,31.38254293737834,0.8766550522648083,246411
cluster_utility_frontier,4,4,288,44.86,1440,89.05239524611368,5.820895522388059,65,2,0.8763888888888889,30.953945473143012,0.8763888888888889,246411
cluster_utility_frontier,4,4,289,45.01,1445,89.05452069451874,5.803571428571429,65,2,0.8761245674740484,31.313490678172098,0.8761245674740484,246611
cluster_utility_frontier,4,4,290,45.2,1450,89.0469382315167,5.782060785767236,65,2,0.876551724137931,31.72197111742481,0.876551724137931,246611
cluster_utility_frontier,4,4,291,45.379999999999995,1455,89.04182362600213,5.764966740576496,63,1,0.8762886597938144,32.14761000297157,0.8762886597938144,248484
cluster_utility_frontier,4,4,292,45.51,1460,89.04877637943066,5.747973470891673,65,2,0.876027397260274,32.67280893418912,0.876027397260274,249511
cluster_utility_frontier,4,4,293,45.59,1465,89.0676706153182,5.726872246696035,65,2,0.8764505119453925,33.23595345787886,0.8764505119453925,249511
cluster_utility_frontier,4,4,294,45.64,1470,89.09360288670634,5.70592538405267,67,1,0.8768707482993198,33.13263871191886,0.8768707482993198,249704
cluster_utility_frontier,4,4,295,45.69,1475,89.11935606782244,5.693430656934306,66,2,0.8759322033898305,32.56441557180225,0.8759322033898305,257538
cluster_utility_frontier,4,4,296,45.75,1480,89.14255879630728,5.818181818181818,64,1,0.875,32.27308107272752,0.875,261333
cluster_utility_frontier,4,4,297,45.800000000000004,1485,89.16796745660092,5.869565217391305,64,1,0.8747474747474747,32.69215071042605,0.8747474747474747,261333
cluster_utility_frontier,4,4,298,45.9,1490,89.18141749357721,5.856832971800434,67,1,0.8738255033557047,32.47328291156326,0.8738255033557047,269022
cluster_utility_frontier,4,4,299,45.989999999999995,1495,89.1971248708071,5.844155844155844,66,1,0.8729096989966555,31.500524968295036,0.8729096989966555,269415
cluster_utility_frontier,4,4,300,46.06,1500,89.21740758948428,5.899280575539569,67,1,0.872,31.13224404924781,0.872,269570
cluster_utility_frontier,4,4,301,46.160000000000004,1505,89.23055387056134,6.021505376344086,67,1,0.8710963455149502,31.397417353844208,0.8710963455149502,269570
cluster_utility_frontier,4,4,302,46.28,1510,89.23896109935592,6.071428571428571,67,1,0.8708609271523179,31.518014076963407,0.8708609271523179,269980
cluster_utility_frontier,4,4,303,46.43,1515,89.24035965888024,6.120996441281139,67,1,0.8706270627062707,32.25469683241183,0.8706270627062707,269980
cluster_utility_frontier,4,4,304,46.550000000000004,1520,89.24867773748758,6.103619588360539,66,2,0.8703947368421052,32.696939001979146,0.8703947368421052,270391
cluster_utility_frontier,4,4,305,46.650000000000006,1525,89.26154412780258,6.152758132956153,64,1,0.8701639344262295,33.479154926283066,0.8701639344262295,270591
cluster_utility_frontier,4,4,306,46.739999999999995,1530,89.27661917544222,6.2015503875969,64,1,0.8699346405228758,34.147508947984086,0.8699346405228758,270591
cluster_utility_frontier,4,4,307,46.79,1535,89.30074087624624,6.324666198172873,61,2,0.8684039087947882,34.25719931766444,0.8684039087947882,278373
cluster_utility_frontier,4,4,308,46.85,1540,89.3224240490462,6.442577030812324,61,2,0.8675324675324675,34.849334650302566,0.8675324675324675,278373
cluster_utility_frontier,4,4,309,46.9,1545,89.34623597292263,6.559665038381018,57,1,0.8666666666666667,35.199493166696996,0.8666666666666667,279299
cluster_utility_frontier,4,4,310,47.0,1550,89.35857087871035,6.541405706332637,58,1,0.8664516129032258,35.8504446524759,0.8664516129032258,280109
cluster_utility_frontier,4,4,311,47.12,1555,89.3663116085936,6.5232477446217905,58,1,0.8662379421221865,36.73247257551101,0.8662379421221865,280109
cluster_utility_frontier,4,4,312,47.21,1560,89.38074993814247,6.505190311418685,58,1,0.8660256410256411,36.961363378689505,0.8660256410256411,283912
cluster_utility_frontier,4,4,313,47.3,1565,89.39509439038608,6.551724137931035,58,1,0.865814696485623,36.70763221193058,0.865814696485623,283912
cluster_utility_frontier,4,4,314,47.4,1570,89.40711109124634,6.5979381443298974,61,1,0.8656050955414013,36.555029288614705,0.8656050955414013,284081
cluster_utility_frontier,4,4,315,47.48,1575,89.42350530161276,6.648389307745031,61,1,0.8647619047619047,36.86301832820197,0.8647619047619047,287866
cluster_utility_frontier,4,4,316,47.58,1580,89.43535315407331,6.698564593301436,61,1,0.8639240506329114,36.81363123519778,0.8639240506329114,287866
cluster_utility_frontier,4,4,317,47.69,1585,89.44491169049623,6.684856753069577,64,2,0.8630914826498423,37.322777043601505,0.8630914826498423,288036
cluster_utility_frontier,4,4,318,47.85,1590,89.44337811900192,6.73469387755102,65,1,0.8622641509433963,37.93759722986224,0.8622641509433963,288120
cluster_utility_frontier,4,4,319,47.99,1595,89.44625263898664,6.7842605156037985,65,1,0.8614420062695924,38.179133912814414,0.8614420062695924,288120
cluster_utility_frontier,4,4,320,48.1,1600,89.45568538045026,6.838185511171294,64,1,0.86,39.25034507909695,0.86,288328
cluster_utility_frontier,4,4,321,48.24,1605,89.45850268781959,6.88723835246455,65,2,0.859190031152648,39.84991093168976,0.859190031152648,288594
cluster_utility_frontier,4,4,322,48.35,1610,89.46783714901866,6.936026936026936,65,2,0.8583850931677018,40.18961629431171,0.8583850931677018,288594
cluster_utility_frontier,4,4,323,48.51,1615,89.4662555372188,6.97986577181208,65,2,0.8582043343653251,41.11349942295145,0.8582043343653251,288594
cluster_utility_frontier,4,4,324,48.66,1620,89.46684849665563,7.023411371237458,69,4,0.8580246913580247,41.373857526674506,0.8580246913580247,291981
cluster_utility_frontier,4,4,325,48.83,1625,89.46312200595573,7.000000000000001,69,4,0.8584615384615385,41.88709338398266,0.8584615384615385,291981
cluster_utility_frontier,4,4,326,49.03,1630,89.45296534515026,6.976744186046512,69,4,0.8588957055214724,42.73011296555771,0.8588957055214724,291981
cluster_utility_frontier,4,4,327,49.21,1635,89.44716074798423,6.95364238410596,70,3,0.8593272171253823,43.467474238241515,0.8593272171253823,292375
cluster_utility_frontier,4,4,328,49.43,1640,89.43284092609616,6.9306930693069315,70,1,0.8597560975609756,44.121275583601445,0.8597560975609756,296361
cluster_utility_frontier,4,4,329,49.61,1645,89.42713439324837,6.907894736842106,70,1,0.8601823708206687,45.23025519831269,0.8601823708206687,296361
cluster_utility_frontier,4,4,330,49.730000000000004,1650,89.43421080587248,6.885245901639345,68,2,0.8606060606060606,45.276259364614916,0.8606060606060606,296571
cluster_utility_frontier,4,4,331,49.85,1655,89.44124375158859,6.862745098039216,68,2,0.8610271903323263,46.042649916926706,0.8610271903323263,296571
cluster_utility_frontier,4,4,332,49.94,1660,89.45456849040269,6.840390879478828,68,2,0.8614457831325302,46.27327442943811,0.8614457831325302,296571
cluster_utility_frontier,4,4,333,50.06,1665,89.46149635804808,6.8181818181818175,70,3,0.8618618618618619,46.60576754659382,0.8618618618618619,297004
cluster_utility_frontier,4,4,334,50.18,1670,89.46838205973093,6.796116504854369,68,1,0.8622754491017964,46.44694523225296,0.8622754491017964,297255
cluster_utility_frontier,4,4,335,50.28,1675,89.47941078004688,6.774193548387098,68,1,0.8626865671641791,47.00467222460896,0.8626865671641791,297255
cluster_utility_frontier,4,4,336,50.33,1680,89.50080313745123,6.756756756756757,70,1,0.8625,47.62299803890808,0.8625,301337
cluster_utility_frontier,4,4,337,50.38,1685,89.5220664697808,6.748071979434448,68,2,0.8611275964391691,47.42846278193124,0.8611275964391691,302419
cluster_utility_frontier,4,4,338,50.46000000000001,1690,89.53698135898978,6.735086593970493,66,1,0.8603550295857988,47.57594103759698,0.8603550295857988,302738
cluster_utility_frontier,4,4,339,50.580000000000005,1695,89.54353758372612,6.71785028790787,68,1,0.8601769911504424,48.40412072401028,0.8601769911504424,303050
cluster_utility_frontier,4,4,340,50.71,1700,89.54799348681905,6.700701978302488,68,1,0.86,48.89969726399956,0.86,303050
cluster_utility_frontier,4,4,341,50.81,1705,89.55858780978998,6.68364099299809,66,1,0.8598240469208212,49.13847104244932,0.8598240469208212,303165
cluster_utility_frontier,4,4,342,50.92,1710,89.5668565340327,6.666666666666667,67,2,0.8596491228070176,49.8050023294637,0.8596491228070176,307366
cluster_utility_frontier,4,4,343,51.05,1715,89.56992542649913,6.645569620253164,67,2,0.8600583090379009,50.0536177902248,0.8600583090379009,307366
cluster_utility_frontier,4,4,344,51.13999999999999,1720,89.58006479349619,6.628787878787879,67,2,0.8598837209302326,50.75823004636551,0.8598837209302326,307366
cluster_utility_frontier,4,4,345,51.239999999999995,1725,89.5891746921858,6.61625708884688,69,3,0.8591304347826086,50.1964414191082,0.8591304347826086,315968
cluster_utility_frontier,4,4,346,51.349999999999994,1730,89.5972610510109,6.60377358490566,69,1,0.8583815028901735,50.04395147961029,0.8583815028901735,316034
cluster_utility_frontier,4,4,347,51.449999999999996,1735,89.60753024824773,6.591337099811676,69,1,0.8576368876080691,50.360694393729474,0.8576368876080691,316034
cluster_utility_frontier,4,4,348,51.59,1740,89.60968339643922,6.5748278021289925,68,1,0.8574712643678161,50.690664535666215,0.8574712643678161,316181
cluster_utility_frontier,4,4,349,51.71,1745,89.61584031166537,6.6167290886392,68,1,0.8573065902578797,51.31609086419992,0.8573065902578797,316181
cluster_utility_frontier,4,4,350,51.83,1750,89.62196147531137,6.658369632856253,69,1,0.8571428571428571,51.112227935482544,0.8571428571428571,316330
cluster_utility_frontier,4,4,351,51.92,1755,89.63403677600974,6.641837368094351,66,1,0.856980056980057,51.682284100145395,0.856980056980057,316519
cluster_utility_frontier,4,4,352,52.05,1760,89.63807931199236,6.621287128712872,67,2,0.8573863636363637,52.93094600778626,0.8573863636363637,321516
cluster_utility_frontier,4,4,353,52.21,1765,89.63614347817457,6.600863664404688,66,1,0.8577903682719547,53.59728229885574,0.8577903682719547,321640
cluster_utility_frontier,4,4,354,52.400000000000006,1770,89.62828074898064,6.642066420664207,66,1,0.8576271186440678,54.28158970352864,0.8576271186440678,321640
cluster_utility_frontier,4,4,355,52.54,1775,89.63012671219359,6.625766871165645,71,2,0.8574647887323944,55.35119296392918,0.8574647887323944,322110
cluster_utility_frontier,4,4,356,52.66,1780,89.6348784568448,6.605504587155964,72,2,0.8578651685393258,56.47924762144405,0.8578651685393258,322283
cluster_utility_frontier,4,4,357,52.839999999999996,1785,89.62782663316582,6.585365853658537,72,2,0.8582633053221288,57.64170945754224,0.8582633053221288,322283
cluster_utility_frontier,4,4,358,53.09,1790,89.606906542422,6.565349544072949,68,1,0.858659217877095,58.35681723669379,0.858659217877095,322683
cluster_utility_frontier,4,4,359,53.300000000000004,1795,89.59390862944161,6.545454545454546,72,3,0.8590529247910863,58.67166050792575,0.8590529247910863,323527
cluster_utility_frontier,4,4,360,53.449999999999996,1800,89.5926632657035,6.525679758308158,70,1,0.8594444444444445,58.653487462105886,0.8594444444444445,324036
cluster_utility_frontier,4,4,361,53.580000000000005,1805,89.5942980326659,6.50994575045208,71,1,0.8592797783933518,59.20132600497715,0.8592797783933518,324630
cluster_utility_frontier,4,4,362,53.74,1810,89.59011312567799,6.490384615384616,71,3,0.8596685082872928,59.3526674952292,0.8596685082872928,326224
cluster_utility_frontier,4,4,363,53.910000000000004,1815,89.58301128458803,6.470940683043739,71,3,0.8600550964187328,60.02599255339371,0.8600550964187328,326224
cluster_utility_frontier,4,4,364,54.08,1820,89.57594448727833,6.451612903225806,71,3,0.8604395604395605,60.13836538051844,0.8604395604395605,326224
cluster_utility_frontier,4,4,365,54.24,1825,89.57083525611445,6.4324002382370455,72,4,0.8608219178082192,60.34709266467638,0.8608219178082192,331171
cluster_utility_frontier,4,4,366,54.43,1830,89.55999693110327,6.413301662707839,72,4,0.8612021857923498,60.97511912656954,0.8612021857923498,331171
cluster_utility_frontier,4,4,367,54.63,1835,89.54729833154754,6.394316163410302,70,1,0.8615803814713896,61.87767935215574,0.8615803814713896,331759
cluster_utility_frontier,4,4,368,54.72,1840,89.55466050737778,6.379208505611341,73,4,0.8614130434782609,62.38792702481088,0.8614130434782609,336606
cluster_utility_frontier,4,4,369,54.89000000000001,1845,89.54675299942868,6.36042402826855,73,4,0.8617886178861789,63.061047050548815,0.8617886178861789,336606
cluster_utility_frontier,4,4,370,55.059999999999995,1850,89.53888245017384,6.341749853200235,69,1,0.8621621621621621,63.31057287416369,0.8621621621621621,336909
cluster_utility_frontier,4,4,371,55.17999999999999,1855,89.54052619607249,6.32688927943761,69,3,0.8619946091644205,62.88559163956546,0.8619946091644205,338192
cluster_utility_frontier,4,4,372,55.300000000000004,1860,89.54315104757583,6.308411214953271,70,1,0.8623655913978494,62.65431371651435,0.8623655913978494,338895
cluster_utility_frontier,4,4,373,55.43,1865,89.54584889291237,6.29004076878276,70,1,0.8627345844504022,62.1454560788823,0.8627345844504022,338895
cluster_utility_frontier,4,4,374,55.57,1870,89.5476347220916,6.2717770034843205,70,1,0.8631016042780749,61.64606371555161,0.8631016042780749,338966
cluster_utility_frontier,4,4,375,55.71,1875,89.54941097021086,6.253618992472496,71,1,0.8634666666666667,62.36080737622639,0.8634666666666667,340401
cluster_utility_frontier,4,4,376,55.83,1880,89.5549194589437,6.239168110918544,73,2,0.8632978723404255,62.383015349208094,0.8632978723404255,341790
cluster_utility_frontier,4,4,377,55.910000000000004,1885,89.56708341108416,6.22478386167147,71,2,0.863129973474801,62.3228533729566,0.863129973474801,343424
cluster_utility_frontier,4,4,378,56.02,1890,89.57340678975581,6.21046578493387,72,1,0.8629629629629629,62.312368088661664,0.8629629629629629,343544
cluster_utility_frontier,4,4,379,56.11000000000001,1895,89.58437749438474,6.196213425129088,69,1,0.862796833773087,61.819066055685596,0.862796833773087,343725
cluster_utility_frontier,4,4,380,56.220000000000006,1900,89.59178006109414,6.18202633085289,70,1,0.8626315789473684,61.60943290375815,0.8626315789473684,343802
cluster_utility_frontier,4,4,381,56.35,1905,89.59564254062037,6.164383561643835,70,1,0.862992125984252,61.485034679233614,0.862992125984252,343802
cluster_utility_frontier,4,4,382,56.410000000000004,1910,89.6123745511463,6.146841206602162,72,1,0.8633507853403142,61.7026855573921,0.8633507853403142,343869
cluster_utility_frontier,4,4,383,56.52,1915,89.6198347107438,6.186152099886493,70,1,0.8631853785900784,61.65045267345263,0.8631853785900784,343964
cluster_utility_frontier,4,4,384,56.61000000000001,1920,89.63091858228776,6.22524052065648,70,1,0.8630208333333333,61.58369625187752,0.8630208333333333,343964
cluster_utility_frontier,4,4,385,56.720000000000006,1925,89.63829009864816,6.264108352144469,68,1,0.8628571428571429,61.57816081978672,0.8628571428571429,344789
cluster_utility_frontier,4,4,386,56.8,1930,89.6510886398834,6.2464828362408555,67,1,0.8632124352331606,61.51613819340241,0.8632124352331606,344874
cluster_utility_frontier,4,4,387,56.85,1935,89.66927130656006,6.228956228956229,67,1,0.8635658914728682,62.11670210584187,0.8635658914728682,344874
cluster_utility_frontier,4,4,388,56.92,1940,89.68373357498868,6.267487409065472,68,1,0.8634020618556701,62.57423735879324,0.8634020618556701,345718
cluster_utility_frontier,4,4,389,56.95,1945,89.70535068691251,6.253489670575098,67,2,0.8632390745501285,62.89122890153842,0.8632390745501285,351230
cluster_utility_frontier,4,4,390,56.989999999999995,1950,89.72505183449022,6.243032329988852,66,1,0.8625641025641025,63.293362875108684,0.8625641025641025,351851
cluster_utility_frontier,4,4,391,57.03,1955,89.74465024276209,6.23608017817372,65,1,0.8613810741687979,62.909237882863124,0.8613810741687979,353318
cluster_utility_frontier,4,4,392,57.04,1960,89.76952739664604,6.22568093385214,65,1,0.8607142857142858,61.986810126066715,0.8607142857142858,353318
cluster_utility_frontier,4,4,393,57.04,1965,89.79606440071557,6.211869107043816,64,1,0.860559796437659,61.09383363829424,0.860559796437659,358158
cluster_utility_frontier,4,4,394,57.07,1970,89.81711124988848,6.25,64,1,0.8604060913705583,60.72691975010447,0.8604060913705583,358158
cluster_utility_frontier,4,4,395,57.099999999999994,1975,89.83804947499556,6.2879205736348585,64,1,0.860253164556962,60.96080365420427,0.860253164556962,358158
cluster_utility_frontier,4,4,396,57.16,1980,89.85355462856128,6.329113924050633,64,1,0.8595959595959596,60.197358659717864,0.8595959595959596,363003
cluster_utility_frontier,4,4,397,57.18,1985,89.87606232294617,6.421514818880351,65,1,0.8589420654911839,59.86453841087196,0.8589420654911839,363065
cluster_utility_frontier,4,4,398,57.25,1990,89.88962472406182,6.513409961685824,65,1,0.8582914572864322,59.53616100332671,0.8582914572864322,363065
cluster_utility_frontier,4,4,399,57.35,1995,89.89783336269156,6.604803493449782,65,1,0.8576441102756892,59.24873310744147,0.8576441102756892,363065
cluster_utility_frontier,4,4,400,57.42,2000,89.91127119388563,6.641262928688079,62,1,0.8575,58.559503132922416,0.8575,363368
cluster_utility_frontier,4,4,401,57.47,2005,89.92814581142656,6.735469853340575,62,1,0.856359102244389,58.12903594953336,0.856359102244389,364691
cluster_utility_frontier,4,4,402,57.50999999999999,2010,89.9466829822568,6.832971800433839,61,1,0.854726368159204,57.90977917423497,0.854726368159204,369846
cluster_utility_frontier,4,4,403,57.550000000000004,2015,89.96512641673931,6.872294372294372,63,1,0.8540942928039702,57.05739660001031,0.8540942928039702,369902
cluster_utility_frontier,4,4,404,57.599999999999994,2020,89.981737542395,6.911447084233262,63,1,0.8534653465346534,56.42714538072077,0.8534653465346534,369902
cluster_utility_frontier,4,4,405,57.66,2025,89.99653018736988,6.950431034482758,61,1,0.8528395061728395,56.211915050602485,0.8528395061728395,375067
cluster_utility_frontier,4,4,406,57.730000000000004,2030,90.0095180410141,7.043010752688172,62,1,0.8517241379310345,55.615405241603796,0.8517241379310345,375161
cluster_utility_frontier,4,4,407,57.79,2035,90.024167098222,7.13519313304721,62,1,0.8506142506142507,55.43783810989095,0.8506142506142507,375161
cluster_utility_frontier,4,4,408,57.85,2040,90.03874300473525,7.230851633636851,62,1,0.8490196078431372,55.03006155712433,0.8490196078431372,375161
cluster_utility_frontier,4,4,409,57.87,2045,90.06011679835109,7.322287546766434,62,2,0.847921760391198,55.03006155712433,0.847921760391198,381367
cluster_utility_frontier,4,4,410,57.879999999999995,2050,90.08309774693738,7.413333333333333,62,2,0.8468292682926829,55.61613803900609,0.8468292682926829,381367
cluster_utility_frontier,4,4,411,57.92,2055,90.10083746368143,7.5039914848323575,62,2,0.8457420924574209,55.86592898929507,0.8457420924574209,381367
cluster_utility_frontier,4,4,412,57.940000000000005,2060,90.1218992413264,7.594264471587891,62,2,0.8446601941747572,56.128645305437225,0.8446601941747572,381367
cluster_utility_frontier,4,4,413,57.97,2065,90.14115646258503,7.631160572337042,62,2,0.8440677966101695,56.146338355584135,0.8440677966101695,381367
cluster_utility_frontier,4,4,414,57.99999999999999,2070,90.16031894138604,7.667900581702803,57,1,0.8434782608695652,56.19341869095435,0.8434782608695652,382476
cluster_utility_frontier,4,4,415,58.03,2075,90.17938737519039,7.7044854881266485,57,1,0.8428915662650602,56.67006968821469,0.8428915662650602,387393
cluster_utility_frontier,4,4,416,58.050000000000004,2080,90.2000506457331,7.7894736842105265,57,1,0.8423076923076923,57.12137473220885,0.8423076923076923,387393
cluster_utility_frontier,4,4,417,58.089999999999996,2085,90.21724486359044,7.874015748031496,57,1,0.841726618705036,56.75463187460876,0.841726618705036,387580
cluster_utility_frontier,4,4,418,58.10999999999999,2090,90.23771524569509,7.962283918281823,57,1,0.8406698564593301,56.66251815828033,0.8406698564593301,387580
cluster_utility_frontier,4,4,419,58.120000000000005,2095,90.2597620244679,8.102456874019865,57,1,0.8391408114558473,57.21673120987407,0.8391408114558473,387580
cluster_utility_frontier,4,4,420,58.14,2100,90.28003009278609,8.242044861763171,58,1,0.8376190476190476,57.073782911479576,0.8376190476190476,387718
cluster_utility_frontier,4,4,421,58.199999999999996,2105,90.29352901934622,8.328995314940135,58,1,0.8365795724465558,56.933726592057084,0.8365795724465558,387718
cluster_utility_frontier,4,4,422,58.330000000000005,2110,90.29531652940686,8.411214953271028,57,2,0.8360189573459715,56.8409147564033,0.8360189573459715,389002
cluster_utility_frontier,4,4,423,58.47,2115,90.2954356846473,8.493008803728639,57,2,0.8354609929078014,56.79271171482617,0.8354609929078014,389002
cluster_utility_frontier,4,4,424,58.589999999999996,2120,90.29886580014902,8.522727272727272,56,1,0.835377358490566,56.8409147564033,0.835377358490566,389340
cluster_utility_frontier,4,4,425,58.709999999999994,2125,90.30211929499991,8.556701030927835,57,2,0.8348235294117647,57.353659377783345,0.8348235294117647,390099
cluster_utility_frontier,4,4,426,58.830000000000005,2130,90.30535734884563,8.58611825192802,57,2,0.8347417840375587,57.27289674866226,0.8347417840375587,390099
cluster_utility_frontier,4,4,427,58.91,2135,90.31515609844313,8.615384615384615,57,1,0.8346604215456674,57.04417889547183,0.8346604215456674,390428
cluster_utility_frontier,4,4,428,58.97,2140,90.32739559754617,8.695652173913043,54,1,0.8341121495327103,57.14559240540948,0.8341121495327103,390609
cluster_utility_frontier,4,4,429,59.089999999999996,2145,90.32976024875214,8.724489795918368,54,1,0.8340326340326341,57.213584942230796,0.8340326340326341,390699
cluster_utility_frontier,4,4,430,59.260000000000005,2150,90.3239501012344,8.753180661577609,55,2,0.833953488372093,57.30251485086321,0.833953488372093,391030
cluster_utility_frontier,4,4,431,59.37,2155,90.32872874177363,8.781725888324873,54,1,0.8338747099767981,57.70222951938924,0.8338747099767981,391243
cluster_utility_frontier,4,4,432,59.519999999999996,2160,90.326984333355,8.810126582278482,54,1,0.8337962962962963,58.096612672118866,0.8337962962962963,391332
cluster_utility_frontier,4,4,433,59.68,2165,90.32346980137818,8.83838383838384,55,1,0.8337182448036952,58.823844883850235,0.8337182448036952,391905
cluster_utility_frontier,4,4,434,59.79,2170,90.32649495210975,8.816120906801007,56,1,0.8341013824884793,58.8288730623256,0.8341013824884793,392019
cluster_utility_frontier,4,4,435,59.940000000000005,2175,90.32304935341696,8.793969849246231,55,3,0.8344827586206897,59.1583025649976,0.8344827586206897,393074
cluster_utility_frontier,4,4,436,60.12,2180,90.31478557850308,8.822055137844611,55,3,0.8344036697247706,59.62290890850761,0.8344036697247706,393074
cluster_utility_frontier,4,4,437,60.22,2185,90.32019546068283,8.854427213606805,54,2,0.8338672768878719,59.44287866599596,0.8338672768878719,393958
cluster_utility_frontier,4,4,438,60.36,2190,90.31932126188835,8.882235528942116,54,1,0.8337899543378996,58.94483824261035,0.8337899543378996,394033
cluster_utility_frontier,4,4,439,60.519999999999996,2195,90.31602528202257,8.909905425584869,54,1,0.8337129840546698,58.16481160409694,0.8337129840546698,394033
cluster_utility_frontier,4,4,440,60.68,2200,90.31274445632911,8.937437934458789,57,1,0.8336363636363636,58.52815076304451,0.8336363636363636,394368
cluster_utility_frontier,4,4,441,60.83,2205,90.31107146839112,8.964834076275384,55,2,0.8335600907029479,58.07901785584087,0.8335600907029479,394482
cluster_utility_frontier,4,4,442,60.99,2210,90.30781699429498,8.942687747035572,55,2,0.8339366515837104,58.13003519549609,0.8339366515837104,394482
cluster_utility_frontier,4,4,443,61.12,2215,90.30933392525884,8.969935929029079,55,2,0.8338600451467268,58.54726880274378,0.8338600451467268,394482
cluster_utility_frontier,4,4,444,61.24000000000001,2220,90.31242584829549,8.95228726020659,55,2,0.8337837837837838,58.61215838385931,0.8337837837837838,394975
cluster_utility_frontier,4,4,445,61.4,2225,90.30842567162296,8.930323846908735,57,2,0.8341573033707865,59.06536352309837,0.8341573033707865,395415
cluster_utility_frontier,4,4,446,61.62,2230,90.29499314885105,8.908467939304945,58,1,0.8345291479820628,59.06536352309837,0.8345291479820628,395580
cluster_utility_frontier,4,4,447,61.839999999999996,2235,90.28161931103847,8.88671875,59,1,0.8348993288590604,59.60913691562793,0.8348993288590604,395758
cluster_utility_frontier,4,4,448,61.99,2240,90.27851833265376,8.865075499269363,58,1,0.8352678571428571,60.05026299326895,0.8352678571428571,395822
cluster_utility_frontier,4,4,449,62.150000000000006,2245,90.27386541471049,8.847836655323286,59,3,0.8351893095768375,60.285086370637224,0.8351893095768375,396872
cluster_utility_frontier,4,4,450,62.370000000000005,2250,90.26062243320476,8.826382153249272,59,3,0.8355555555555556,59.79325923939234,0.8355555555555556,396872
cluster_utility_frontier,4,4,451,62.580000000000005,2255,90.24899498270436,8.80503144654088,63,1,0.835920177383592,60.17090532460162,0.835920177383592,396979
cluster_utility_frontier,4,4,452,62.8,2260,90.23586299112209,8.783783783783784,62,2,0.8362831858407079,60.59223225964596,0.8362831858407079,397283
cluster_utility_frontier,4,4,453,63.019999999999996,2265,90.2227876380787,8.76263842079923,61,2,0.8366445916114791,60.212294018481714,0.8366445916114791,397654
cluster_utility_frontier,4,4,454,63.21,2270,90.21517027863777,8.741594620557157,61,1,0.8370044052863436,58.9392879225349,0.8370044052863436,398347
cluster_utility_frontier,4,4,455,63.36000000000001,2275,90.21376498208328,8.720651653090561,61,2,0.8373626373626374,58.58171449514168,0.8373626373626374,398762
cluster_utility_frontier,4,4,456,63.519999999999996,2280,90.21097566613756,8.69980879541109,62,1,0.8377192982456141,57.59196095836874,0.8377192982456141,398978
cluster_utility_frontier,4,4,457,63.739999999999995,2285,90.1989728449734,8.679065331425846,59,2,0.838074398249453,57.23670537022171,0.838074398249453,399605
cluster_utility_frontier,4,4,458,64.0,2290,90.18088648184232,8.658420551855375,66,2,0.8384279475982532,57.03587535859274,0.8384279475982532,400210
cluster_utility_frontier,4,4,459,64.2,2295,90.17191494573122,8.637873754152823,66,2,0.8387799564270153,56.68714873213115,0.8387799564270153,400210
cluster_utility_frontier,4,4,460,64.35,2300,90.16986954263541,8.617424242424242,66,2,0.8391304347826087,56.416901139457686,0.8391304347826087,410473
cluster_utility_frontier,4,4,461,64.47,2305,90.17315489436942,8.601134215500945,65,2,0.8390455531453362,55.38720736004643,0.8390455531453362,415667
cluster_utility_frontier,4,4,462,64.64999999999999,2310,90.16730038022813,8.58085808580858,65,2,0.8393939393939394,54.63798561016374,0.8393939393939394,415667
cluster_utility_frontier,4,4,463,64.91,2315,90.14933074331502,8.560677328316087,66,1,0.8397408207343412,53.90611658768164,0.8397408207343412,416791
cluster_utility_frontier,4,4,464,65.18,2320,90.12992519458494,8.540591271703425,68,3,0.8400862068965518,53.32158299063106,0.8400862068965518,422520
cluster_utility_frontier,4,4,465,65.42999999999999,2325,90.11362606146687,8.52059925093633,64,1,0.8404301075268817,52.99200753824043,0.8404301075268817,422580
cluster_utility_frontier,4,4,466,65.62,2330,90.1064439284745,8.5007006071929,64,1,0.8407725321888412,53.448195406871015,0.8407725321888412,422687
cluster_utility_frontier,4,4,467,65.81,2335,90.09944186186458,8.484848484848486,65,2,0.8406852248394004,53.18583460045024,0.8406852248394004,423153
cluster_utility_frontier,4,4,468,66.03,2340,90.08796685480965,8.465116279069768,69,2,0.841025641025641,53.37398651072233,0.841025641025641,428880
cluster_utility_frontier,4,4,469,66.24,2345,90.07803957400279,8.445475638051043,69,1,0.8413646055437101,53.13346172680565,0.8413646055437101,429005
cluster_utility_frontier,4,4,470,66.51,2350,90.05918751681463,8.425925925925926,67,1,0.8417021276595744,52.93806056924992,0.8417021276595744,429231
cluster_utility_frontier,4,4,471,66.67,2355,90.05682241875587,8.410351201478743,71,3,0.8416135881104034,53.56423387737891,0.8416135881104034,439919
cluster_utility_frontier,4,4,472,66.84,2360,90.05297934400858,8.394833948339484,70,1,0.8415254237288136,53.729234010295514,0.8415254237288136,440010
cluster_utility_frontier,4,4,473,66.99000000000001,2365,90.05212277809952,8.375517717441324,69,1,0.8418604651162791,52.93769416959643,0.8418604651162791,440284
cluster_utility_frontier,4,4,474,67.19000000000001,2370,90.04386094893756,8.356290174471992,66,2,0.8421940928270042,52.60516912850268,0.8421940928270042,451029
cluster_utility_frontier,4,4,475,67.35,2375,90.04154899380462,8.337150710032066,68,1,0.8425263157894737,53.01912651502572,0.8425263157894737,451121
cluster_utility_frontier,4,4,476,67.55,2380,90.03334513692162,8.318098720292506,70,1,0.8428571428571429,53.37364105826805,0.8428571428571429,451196
cluster_utility_frontier,4,4,477,67.80000000000001,2385,90.01781481426951,8.299133606931145,72,2,0.8431865828092243,53.48261981476461,0.8431865828092243,456632
cluster_utility_frontier,4,4,478,67.99,2390,90.01116563335586,8.284023668639055,69,2,0.8430962343096234,54.0925148228453,0.8430962343096234,457461
cluster_utility_frontier,4,4,479,68.17999999999999,2395,90.00454472152586,8.265213442325159,71,1,0.8434237995824635,53.60902498352194,0.8434237995824635,457522
cluster_utility_frontier,4,4,480,68.41000000000001,2400,89.99210018140325,8.2464884458541,68,2,0.84375,53.51773247822622,0.84375,458660
cluster_utility_frontier,4,4,481,68.58,2405,89.98846732164493,8.227848101265822,69,1,0.8440748440748441,53.42838436431934,0.8440748440748441,458907
cluster_utility_frontier,4,4,482,68.73,2410,89.9877633074032,8.209291835814163,70,2,0.8443983402489627,53.53526742778918,0.8443983402489627,469999
cluster_utility_frontier,4,4,483,68.85,2415,89.99142329665217,8.201892744479496,70,2,0.8434782608695652,53.16798414942061,0.8434782608695652,470588
cluster_utility_frontier,4,4,484,69.03,2420,89.98636416386213,8.19081908190819,70,1,0.8429752066115702,53.07966597323717,0.8429752066115702,476101
cluster_utility_frontier,4,4,485,69.16,2425,89.98856414933194,8.179775280898877,66,1,0.8424742268041238,52.44529426104788,0.8424742268041238,481583
cluster_utility_frontier,4,4,486,69.33,2430,89.98497674284228,8.161434977578477,66,1,0.842798353909465,52.10756185498976,0.842798353909465,481583
cluster_utility_frontier,4,4,487,69.48,2435,89.98428738233557,8.143176733780761,67,1,0.8431211498973306,52.11266283873677,0.8431211498973306,481677
cluster_utility_frontier,4,4,488,69.67999999999999,2440,89.97640830887853,8.125,67,1,0.8434426229508196,52.29878758134578,0.8434426229508196,481677
cluster_utility_frontier,4,4,489,69.83,2445,89.97573965346464,8.110516934046345,65,3,0.8433537832310839,52.08935664000093,0.8433537832310839,493490
cluster_utility_frontier,4,4,490,69.98,2450,89.9750737758932,8.092485549132949,65,1,0.8436734693877551,51.54600027175513,0.8436734693877551,493814
cluster_utility_frontier,4,4,491,70.16,2455,89.97012194250262,8.074534161490684,65,1,0.8439918533604888,51.032273567291774,0.8439918533604888,493814
cluster_utility_frontier,4,4,492,70.34,2460,89.9651905957544,8.056662239929171,66,1,0.8443089430894309,50.84590778220013,0.8443089430894309,499373
cluster_utility_frontier,4,4,493,70.50999999999999,2465,89.96170327871187,8.03886925795053,66,1,0.8446247464503043,50.286776896911036,0.8446247464503043,499373
cluster_utility_frontier,4,4,494,70.61,2470,89.96817548944392,8.028231142479047,66,4,0.8441295546558705,50.64534217827062,0.8441295546558705,506771
cluster_utility_frontier,4,4,495,70.73,2475,89.9717854560406,8.01762114537445,69,1,0.8436363636363636,50.38897835431885,0.8436363636363636,506832
cluster_utility_frontier,4,4,496,70.81,2480,89.98104023996831,8.01056338028169,69,1,0.842741935483871,51.03139885524334,0.842741935483871,506832
cluster_utility_frontier,4,4,497,70.89999999999999,2485,89.98884511656146,8.003518029903255,69,1,0.8418511066398391,51.594473858920495,0.8418511066398391,506832
cluster_utility_frontier,4,4,498,71.04,2490,89.9895724713243,7.992973210364515,69,2,0.8413654618473896,52.12843959240428,0.8413654618473896,506999
cluster_utility_frontier,4,4,499,71.22,2495,89.98467185104977,7.982456140350877,69,2,0.8408817635270541,52.445100629186776,0.8408817635270541,506999
cluster_utility_frontier,4,4,500,71.37,2500,89.98400134725497,7.971966710468681,69,2,0.8404,53.20261596568112,0.8404,506999
cluster_utility_frontier,4,4,501,71.50999999999999,2505,89.98473410736544,7.958023611718408,71,1,0.8403193612774451,53.53117405662745,0.8403193612774451,507074
cluster_utility_frontier,4,4,502,71.67,2510,89.9826684929975,7.944129201222173,69,2,0.8402390438247012,54.01889872449324,0.8402390438247012,507603
cluster_utility_frontier,4,4,503,71.81,2515,89.98340098478191,7.926829268292683,69,2,0.8405566600397615,54.28937438719286,0.8405566600397615,507603
cluster_utility_frontier,4,4,504,71.94,2520,89.9855225792082,7.91304347826087,68,1,0.8404761904761905,53.920578415423584,0.8404761904761905,507868
cluster_utility_frontier,4,4,505,72.1,2525,89.98346785957405,7.899305555555555,68,2,0.8403960396039604,53.81248323374425,0.8403960396039604,513971
cluster_utility_frontier,4,4,506,72.28999999999999,2530,89.97726201369825,7.885615251299827,68,2,0.8403162055335969,54.01138572525393,0.8403162055335969,513971
cluster_utility_frontier,4,4,507,72.42,2535,89.97938315506912,7.8719723183391,71,2,0.8402366863905325,53.53588628843486,0.8402366863905325,519820
cluster_utility_frontier,4,4,508,72.55,2540,89.98135745356625,7.861771058315335,70,1,0.8397637795275591,53.784112406616224,0.8397637795275591,519949
cluster_utility_frontier,4,4,509,72.65,2545,89.98745848206288,7.851596203623814,70,1,0.8392927308447937,53.68364441732621,0.8392927308447937,519949
cluster_utility_frontier,4,4,510,72.78,2550,89.98872045998513,7.838070628768304,70,1,0.8392156862745098,54.01066766236852,0.8392156862745098,519949
cluster_utility_frontier,4,4,511,72.92,2555,89.98860469266994,7.82122905027933,72,3,0.8395303326810176,54.33233184813397,0.8395303326810176,525976
cluster_utility_frontier,4,4,512,73.1,2560,89.98300811225607,7.804459691252144,72,3,0.83984375,54.0156272908038,0.83984375,525976
cluster_utility_frontier,4,4,513,73.26,2565,89.98016822813376,7.787762088147197,72,3,0.8401559454191033,53.65520728915976,0.8401559454191033,525976
cluster_utility_frontier,4,4,514,73.4,2570,89.98006934774892,7.774455360956855,71,3,0.8400778210116732,53.9640549943465,0.8400778210116732,526473
cluster_utility_frontier,4,4,515,73.48,2575,89.9888280334614,7.761194029850746,72,2,0.84,53.53552717622931,0.84,527184
cluster_utility_frontier,4,4,516,73.6,2580,89.9922494323049,7.74468085106383,72,2,0.8403100775193798,53.928258333865436,0.8403100775193798,527184
cluster_utility_frontier,4,4,517,73.74000000000001,2585,89.99294322006297,7.7282377919320595,72,1,0.8406189555125725,54.35242375005038,0.8406189555125725,527341
cluster_utility_frontier,4,4,518,73.9,2590,89.99092546693213,7.711864406779662,76,1,0.8409266409266409,54.74672229143503,0.8409266409266409,527391
cluster_utility_frontier,4,4,519,74.05000000000001,2595,89.99026737678768,7.695560253699789,76,1,0.841233140655106,54.87845585009076,0.841233140655106,527391
cluster_utility_frontier,4,4,520,74.18,2600,89.99231007919269,7.682566483748417,74,2,0.8411538461538461,54.957504269404104,0.8411538461538461,528115
cluster_utility_frontier,4,4,521,74.26,2605,90.00107717994291,7.672849915682968,72,2,0.8406909788867563,54.55852977797038,0.8406909788867563,529311
cluster_utility_frontier,4,4,522,74.33999999999999,2610,90.0098101138242,7.65993265993266,72,2,0.8406130268199233,54.369306497419075,0.8406130268199233,529311
cluster_utility_frontier,4,4,523,74.44,2615,90.01569269149779,7.643847123057538,73,1,0.8409177820267686,54.36918729566581,0.8409177820267686,529391
cluster_utility_frontier,4,4,524,74.51,2620,90.0249009317768,7.631027253668764,73,1,0.8408396946564886,54.395868260955936,0.8408396946564886,529391
cluster_utility_frontier,4,4,525,74.57000000000001,2625,90.03474542295871,7.615062761506277,70,1,0.8411428571428572,54.44834370114131,0.8411428571428572,529659
cluster_utility_frontier,4,4,526,74.62,2630,90.04655257506437,7.647304638529043,72,2,0.8403041825095057,54.14392498594858,0.8403041825095057,530118
cluster_utility_frontier,4,4,527,74.7,2635,90.05432177664163,7.634543178973717,72,2,0.8402277039848197,54.39686628839422,0.8402277039848197,530118
cluster_utility_frontier,4,4,528,74.76,2640,90.06472018818026,7.621824239900042,70,1,0.8401515151515152,54.73680929710631,0.8401515151515152,530442
cluster_utility_frontier,4,4,529,74.81,2645,90.07640675987584,7.60914760914761,70,1,0.8400756143667297,55.11116355153049,0.8400756143667297,530442
cluster_utility_frontier,4,4,530,74.89,2650,90.08407811982786,7.638024076380241,70,2,0.839622641509434,55.2522451454485,0.839622641509434,531282
cluster_utility_frontier,4,4,531,74.95,2655,90.09501909632742,7.663628831814416,70,2,0.8395480225988701,54.97336669320239,0.8395480225988701,531282
cluster_utility_frontier,4,4,532,75.07000000000001,2660,90.09800430005409,7.647788342290203,70,2,0.8398496240601504,54.47756549044252,0.8398496240601504,531282
cluster_utility_frontier,4,4,533,75.19,2665,90.10097818502574,7.635163021048287,69,1,0.8397748592870544,54.66664438540399,0.8397748592870544,531418
cluster_utility_frontier,4,4,534,75.26,2670,90.11064098184016,7.622579316028018,69,1,0.8397003745318352,54.79270825204848,0.8397003745318352,531418
cluster_utility_frontier,4,4,535,75.33,2675,90.12026702689941,7.610037021801727,65,2,0.839626168224299,55.43037240463178,0.839626168224299,532986
cluster_utility_frontier,4,4,536,75.44999999999999,2680,90.12331134150173,7.597535934291582,65,1,0.8395522388059702,54.975526180401516,0.8395522388059702,533340
cluster_utility_frontier,4,4,537,75.58,2685,90.12503756353136,7.585075850758508,65,1,0.8394785847299814,54.82455308326505,0.8394785847299814,533340
cluster_utility_frontier,4,4,538,75.72,2690,90.12545317023552,7.57265656979124,65,1,0.8394052044609666,54.33408454367949,0.8394052044609666,533517
cluster_utility_frontier,4,4,539,75.82,2695,90.13107371106513,7.560277891295463,67,1,0.8393320964749537,54.720174686887546,0.8393320964749537,533781
cluster_utility_frontier,4,4,540,75.94,2700,90.1340747284727,7.5479396164830685,67,1,0.8392592592592593,54.97367893414978,0.8392592592592593,533781
cluster_utility_frontier,4,4,541,76.13,2705,90.12785932880337,7.532573289902281,66,1,0.8395563770794824,54.9186308030875,0.8395563770794824,533984
cluster_utility_frontier,4,4,542,76.23,2710,90.13344378146802,7.520325203252034,73,1,0.8394833948339483,54.62779736644234,0.8394833948339483,534096
cluster_utility_frontier,4,4,543,76.35,2715,90.13642353305946,7.505070993914807,73,1,0.8397790055248618,54.43561671156948,0.8397790055248618,534096
cluster_utility_frontier,4,4,544,76.5,2720,90.13552371987467,7.489878542510121,68,2,0.8400735294117647,53.96784372975061,0.8400735294117647,534383
cluster_utility_frontier,4,4,545,76.64999999999999,2725,90.13462726523888,7.477768795472918,69,1,0.84,54.084478104003985,0.84,535226
cluster_utility_frontier,4,4,546,76.77000000000001,2730,90.1374614594039,7.462686567164178,70,1,0.8402930402930403,54.103070470177386,0.8402930402930403,535504
cluster_utility_frontier,4,4,547,76.85,2735,90.14478256966619,7.447665056360709,68,3,0.8405850091407678,54.44167534358115,0.8405850091407678,537680
cluster_utility_frontier,4,4,548,76.97,2740,90.1469571673622,7.435691318327975,68,3,0.8405109489051095,53.969657251994796,0.8405109489051095,537680
cluster_utility_frontier,4,4,549,77.09,2745,90.14975339245099,7.420778178900922,71,1,0.8408014571948998,53.58527236239174,0.8408014571948998,543144
cluster_utility_frontier,4,4,550,77.21000000000001,2750,90.1526649406303,7.405924739791833,72,2,0.8410909090909091,53.522315643143216,0.8410909090909091,543341
cluster_utility_frontier,4,4,551,77.35,2755,90.15301965576943,7.391130643228126,72,2,0.8413793103448276,52.836759718510564,0.8413793103448276,543341
cluster_utility_frontier,4,4,552,77.5,2760,90.15210236730752,7.376395534290271,71,1,0.8416666666666667,52.836759718510564,0.8416666666666667,543855
cluster_utility_frontier,4,4,553,77.66,2765,90.14992009335126,7.364649681528662,71,2,0.8415913200723327,52.81948545277569,0.8415913200723327,545390
cluster_utility_frontier,4,4,554,77.79,2770,90.15154392494968,7.352941176470589,71,2,0.8415162454873646,52.571464602165804,0.8415162454873646,545390
cluster_utility_frontier,4,4,555,77.98,2775,90.14557953798716,7.338357794525982,71,2,0.8418018018018018,52.35794427664664,0.8418018018018018,545390
cluster_utility_frontier,4,4,556,78.03,2780,90.15729656773087,7.3296354992076065,72,2,0.8413669064748202,52.19944807569449,0.8413669064748202,545910
cluster_utility_frontier,4,4,557,78.08,2785,90.1689708141321,7.3209339137316976,70,1,0.8409335727109515,52.179100233254225,0.8409335727109515,546120
cluster_utility_frontier,4,4,558,78.19,2790,90.17306169643193,7.306477093206951,71,1,0.8412186379928316,51.83640359638885,0.8412186379928316,546734
cluster_utility_frontier,4,4,559,78.38000000000001,2795,90.16710156563629,7.292077256602286,71,1,0.8415026833631485,51.413220058170715,0.8415026833631485,546734
cluster_utility_frontier,4,4,560,78.55,2800,90.16366755575591,7.277734067663258,71,1,0.8417857142857142,51.22599066892665,0.8417857142857142,546734
cluster_utility_frontier,4,4,561,78.69,2805,90.1639959001025,7.263447192775814,70,3,0.8420677361853832,51.56025013064177,0.8420677361853832,547377
cluster_utility_frontier,4,4,562,78.83,2810,90.16432305638389,7.249216300940439,70,3,0.8423487544483986,51.63894103004039,0.8423487544483986,547377
cluster_utility_frontier,4,4,563,79.0,2815,90.16091266875902,7.276995305164319,74,1,0.8419182948490231,51.7166667494467,0.8419182948490231,547655
cluster_utility_frontier,4,4,564,79.14999999999999,2820,90.16000099456718,7.301835220616947,74,2,0.8418439716312057,51.50764051136802,0.8418439716312057,547910
cluster_utility_frontier,4,4,565,79.34,2825,90.1541287136085,7.287607170693687,72,1,0.8421238938053097,51.093545113368236,0.8421238938053097,554219
cluster_utility_frontier,4,4,566,79.55,2830,90.14580004211726,7.2734344612991055,72,1,0.8424028268551237,51.40961520430942,0.8424028268551237,554219
cluster_utility_frontier,4,4,567,79.75999999999999,2835,90.13750123652191,7.259316770186336,74,2,0.8426807760141094,52.217410452916624,0.8426807760141094,555384
cluster_utility_frontier,4,4,568,79.95,2840,90.13170075416271,7.245253777605579,76,2,0.8429577464788732,52.375595160516106,0.8429577464788732,568094
cluster_utility_frontier,4,4,569,80.19,2845,90.11976047904191,7.231245166279969,75,1,0.8432337434094903,52.645067143516236,0.8432337434094903,568575
cluster_utility_frontier,4,4,570,80.39,2850,90.11278241725805,7.22007722007722,71,2,0.8431578947368421,53.50057325591196,0.8431578947368421,569208
cluster_utility_frontier,4,4,571,80.57,2855,90.10828463389481,7.20616570327553,70,1,0.8434325744308231,54.11039353773261,0.8434325744308231,569310
cluster_utility_frontier,4,4,572,80.75,2860,90.10380283588857,7.1923076923076925,71,2,0.8437062937062937,54.31851577286053,0.8437062937062937,576283
cluster_utility_frontier,4,4,573,80.95,2865,90.09689021555626,7.178502879078695,71,2,0.8439790575916231,55.090732127588566,0.8439790575916231,576283
cluster_utility_frontier,4,4,574,81.08999999999999,2870,90.09720831399751,7.164750957854406,72,1,0.8442508710801394,55.86700167670517,0.8442508710801394,576420
cluster_utility_frontier,4,4,575,81.14,2875,90.10849689138121,7.1537872991583775,73,3,0.8441739130434782,56.46155531323715,0.8441739130434782,577405
cluster_utility_frontier,4,4,576,81.22,2880,90.11549367766433,7.1401298205421915,73,3,0.8444444444444444,57.258966114823906,0.8444444444444444,577405
cluster_utility_frontier,4,4,577,81.33,2885,90.1188219857122,7.129241326725124,71,1,0.844367417677643,57.33217760415721,0.844367417677643,577493
cluster_utility_frontier,4,4,578,81.45,2890,90.12092617075213,7.118385991625428,71,1,0.8442906574394463,56.68471926768475,0.8442906574394463,584195
cluster_utility_frontier,4,4,579,81.55,2895,90.12544499067639,7.104863221884498,71,1,0.844559585492228,56.46204184859404,0.844559585492228,584195
cluster_utility_frontier,4,4,580,81.65,2900,90.1305451468633,7.091391733029958,70,2,0.8448275862068966,55.56308805194176,0.8448275862068966,584870
cluster_utility_frontier,4,4,581,81.76,2905,90.13453996983408,7.080651268458917,70,2,0.844750430292599,54.388507288230734,0.844750430292599,584870
cluster_utility_frontier,4,4,582,81.85,2910,90.1409298964105,7.069943289224953,70,2,0.8446735395189003,53.2757560744346,0.8446735395189003,584870
cluster_utility_frontier,4,4,583,81.94,2915,90.14729754103288,7.056603773584906,72,2,0.8449399656946827,52.558231870454925,0.8449399656946827,591706
cluster_utility_frontier,4,4,584,82.06,2920,90.1500420117633,7.043314500941619,72,1,0.8452054794520548,52.139776007237415,0.8452054794520548,591888
cluster_utility_frontier,4,4,585,82.17999999999999,2925,90.15277694565934,7.067669172932331,72,1,0.8451282051282051,52.04249322458114,0.8451282051282051,591888
cluster_utility_frontier,4,4,586,82.3,2930,90.1555023923445,7.054409005628518,71,1,0.8453924914675768,51.78045200922345,0.8453924914675768,592061
cluster_utility_frontier,4,4,587,82.39999999999999,2935,90.1606066033793,7.041198501872659,72,1,0.8456558773424191,51.264567950449965,0.8456558773424191,592131
cluster_utility_frontier,4,4,588,82.57,2940,90.15723157982572,7.02803738317757,71,1,0.8459183673469388,51.83517014500641,0.8459183673469388,592266
cluster_utility_frontier,4,4,589,82.73,2945,90.15447231875089,7.014925373134329,72,1,0.8461799660441426,51.75735653171241,0.8461799660441426,592334
cluster_utility_frontier,4,4,590,82.87,2950,90.15468326759492,7.004470938897168,70,2,0.8461016949152542,51.247832270303164,0.8461016949152542,592828
cluster_utility_frontier,4,4,591,82.99,2955,90.15726552493003,6.991446634436594,72,1,0.8463620981387479,50.62401388829801,0.8463620981387479,593080
cluster_utility_frontier,4,4,592,83.15,2960,90.15510300734076,6.978470675575353,71,1,0.8466216216216216,50.33343680287291,0.8466216216216216,593262
cluster_utility_frontier,4,4,593,83.32000000000001,2965,90.15164946869496,6.965542793627269,70,2,0.8468802698145025,50.274719138725715,0.8468802698145025,600045
cluster_utility_frontier,4,4,594,83.43,2970,90.15412575528701,6.952662721893491,70,2,0.8471380471380472,50.247780171414874,0.8471380471380472,600045
cluster_utility_frontier,4,4,595,83.6,2975,90.14894419306184,6.9398301956441495,73,2,0.8473949579831933,49.95385672196305,0.8473949579831933,600511
cluster_utility_frontier,4,4,596,83.77,2980,90.1437782379518,6.927044952100221,74,2,0.8476510067114094,49.3991201195236,0.8476510067114094,607247
cluster_utility_frontier,4,4,597,83.99,2985,90.1327537593985,6.914306730415594,74,1,0.8479061976549414,48.62288929338313,0.8479061976549414,607322
cluster_utility_frontier,4,4,598,84.15,2990,90.12937961127467,6.904149834741094,71,2,0.8478260869565217,47.78949641753407,0.8478260869565217,614339
cluster_utility_frontier,4,4,599,84.25,2995,90.13419832310647,6.89149560117302,73,2,0.8480801335559266,46.99193386280151,0.8480801335559266,621122
cluster_utility_frontier,4,4,600,84.39,3000,90.13455535941829,6.8788876692279555,73,2,0.8483333333333334,46.2233950780537,0.8483333333333334,621122
cluster_utility_frontier,4,4,601,84.55,3005,90.13257708377098,6.866325785244704,72,1,0.848585690515807,45.41726813903902,0.848585690515807,621254
cluster_utility_frontier,4,4,602,84.73,3010,90.1282753317566,6.890266131972293,71,2,0.8485049833887043,44.96020205485704,0.8485049833887043,623943
cluster_utility_frontier,4,4,603,84.93,3015,90.12166185912348,6.914119359534207,70,1,0.848424543946932,44.582359557271545,0.848424543946932,624451
cluster_utility_frontier,4,4,604,85.11,3020,90.11727821644217,6.937885942608064,70,1,0.8483443708609272,44.93616189828302,0.8483443708609272,624451
cluster_utility_frontier,4,4,605,85.25,3025,90.11697330133667,6.925308194343726,67,1,0.848595041322314,45.0339892298297,0.848595041322314,625969
cluster_utility_frontier,4,4,606,85.39,3030,90.11666936734647,6.912775968150561,68,3,0.8488448844884489,45.09263602303614,0.8488448844884489,626816
cluster_utility_frontier,4,4,607,85.53,3035,90.1163664097438,6.9002890173410405,68,3,0.8490939044481054,45.386062441597204,0.8490939044481054,626816
cluster_utility_frontier,4,4,608,85.65,3040,90.11837186764502,6.887847097006852,69,1,0.8493421052631579,45.28620611706969,0.8493421052631579,634515
cluster_utility_frontier,4,4,609,85.8,3045,90.11691527961759,6.877925819229384,65,2,0.8492610837438423,45.61807362559437,0.8492610837438423,635536
cluster_utility_frontier,4,4,610,85.87,3050,90.12523143090422,6.865564342199856,65,1,0.8495081967213115,45.697388985374964,0.8495081967213115,635634
cluster_utility_frontier,4,4,611,85.97,3055,90.13018919911829,6.8532472192321485,65,1,0.8497545008183306,45.55624602065676,0.8497545008183306,636065
cluster_utility_frontier,4,4,612,86.08,3060,90.1339843436601,6.843425295592978,64,2,0.8496732026143791,45.5125947612632,0.8496732026143791,636905
cluster_utility_frontier,4,4,613,86.17,3065,90.1400553813763,6.869409660107334,64,1,0.8492659053833606,44.756805283298405,0.8492659053833606,637013
cluster_utility_frontier,4,4,614,86.3,3070,90.14153691497503,6.857142857142858,64,1,0.8495114006514658,44.147150333752634,0.8495114006514658,637013
cluster_utility_frontier,4,4,615,86.41,3075,90.14529446649333,6.880570409982174,66,1,0.8494308943089431,43.7670263447075,0.8494308943089431,637071
cluster_utility_frontier,4,4,616,86.58,3080,90.142208154482,6.903914590747331,68,1,0.8493506493506493,43.405555594817756,0.8493506493506493,643949
cluster_utility_frontier,4,4,617,86.75,3085,90.13913201627753,6.927175843694494,67,1,0.8492706645056726,42.85755637932925,0.8492706645056726,645005
cluster_utility_frontier,4,4,618,86.95,3090,90.13266151454283,6.914893617021277,68,1,0.8495145631067961,42.528206549999226,0.8495145631067961,647053
cluster_utility_frontier,4,4,619,87.09,3095,90.13301006072692,6.902654867256637,67,1,0.8497576736672051,41.8849177685853,0.8497576736672051,653980
cluster_utility_frontier,4,4,620,87.22999999999999,3100,90.13335746360664,6.892895015906681,66,1,0.8496774193548388,42.23864268838657,0.8496774193548388,655058
cluster_utility_frontier,4,4,621,87.37,3105,90.13370372879824,6.883162725026473,66,1,0.849597423510467,43.41684945601761,0.849597423510467,655058
cluster_utility_frontier,4,4,622,87.49,3110,90.1363036787337,6.908706379978851,67,1,0.8491961414790997,44.49009124290458,0.8491961414790997,655301
cluster_utility_frontier,4,4,623,87.6,3115,90.14002071045878,6.934178106300598,67,3,0.8487961476725522,45.36299975108178,0.8487961476725522,655814
cluster_utility_frontier,4,4,624,87.69,3120,90.1459730977986,6.957132817990162,67,3,0.8487179487179487,45.626781970680724,0.8487179487179487,655814
cluster_utility_frontier,4,4,625,87.81,3125,90.14854039984742,6.944931602946334,67,3,0.84896,45.55881012878423,0.84896,655814
cluster_utility_frontier,4,4,626,87.9,3130,90.15445961536308,6.9677871148459385,65,1,0.8488817891373802,46.164897299806654,0.8488817891373802,657261
cluster_utility_frontier,4,4,627,87.97,3135,90.16248616127842,6.993006993006993,65,2,0.8484848484848485,47.1018285243035,0.8484848484848485,658280
cluster_utility_frontier,4,4,628,88.09,3140,90.16490448491074,6.980802792321117,66,1,0.8487261146496815,47.23992997401182,0.8487261146496815,658359
cluster_utility_frontier,4,4,629,88.2,3145,90.16842973548394,6.968641114982578,66,1,0.848966613672496,47.13195281011373,0.848966613672496,658359
cluster_utility_frontier,4,4,630,88.32,3150,90.17094017094017,6.991304347826087,66,1,0.8488888888888889,46.84761311245721,0.8488888888888889,659272
cluster_utility_frontier,4,4,631,88.41,3155,90.17666666666668,7.013888888888889,66,3,0.848811410459588,47.08229879838382,0.848811410459588,661875
cluster_utility_frontier,4,4,632,88.5,3160,90.18237486687966,7.0017331022530325,66,3,0.8490506329113924,46.65917421083002,0.8490506329113924,661875
cluster_utility_frontier,4,4,633,88.62,3165,90.18474215842637,6.98961937716263,66,3,0.8492890995260663,46.6768274825243,0.8492890995260663,661875
cluster_utility_frontier,4,4,634,88.74,3170,90.1864507995488,6.977547495682211,63,2,0.8495268138801262,47.17726644814074,0.8495268138801262,662353
cluster_utility_frontier,4,4,635,88.85,3175,90.18871674819731,6.96551724137931,61,1,0.8497637795275591,47.569708634336195,0.8497637795275591,662626
cluster_utility_frontier,4,4,636,88.94999999999999,3180,90.19207868389715,6.955922865013774,62,1,0.849685534591195,46.789395863615894,0.849685534591195,671007
cluster_utility_frontier,4,4,637,89.0,3185,90.20147528349665,6.94874441004472,61,1,0.8492935635792779,46.050726045638726,0.8492935635792779,671326
cluster_utility_frontier,4,4,638,89.05999999999999,3190,90.21038978169587,6.936813186813187,62,1,0.8495297805642633,45.14785513059013,0.8495297805642633,671648
cluster_utility_frontier,4,4,639,89.14,3195,90.21718851172642,6.927297668038408,61,1,0.849452269170579,44.10670487729287,0.849452269170579,672918
cluster_utility_frontier,4,4,640,89.18,3200,90.22834852734924,6.917808219178082,58,1,0.849375,43.914838057182905,0.849375,673410
cluster_utility_frontier,4,4,641,89.22,3205,90.23936635743041,6.908344733242135,58,1,0.8492979719188768,43.77745799108743,0.8492979719188768,673410
cluster_utility_frontier,4,4,642,89.24,3210,90.25253407899336,6.896551724137931,58,1,0.8495327102803738,42.753258280201166,0.8495327102803738,673875
cluster_utility_frontier,4,4,643,89.27000000000001,3215,90.26456988309197,6.8847989093387865,58,1,0.8497667185069985,42.159228055026794,0.8497667185069985,675053
cluster_utility_frontier,4,4,644,89.27000000000001,3220,90.27930527576632,6.8777664283282265,57,1,0.8493788819875776,42.49181527809302,0.8493788819875776,676251
cluster_utility_frontier,4,4,645,89.27000000000001,3225,90.2939961293409,6.870748299319727,57,1,0.8489922480620155,42.79542346733231,0.8489922480620155,676251
cluster_utility_frontier,4,4,646,89.27000000000001,3230,90.30864264544635,6.861413043478261,57,1,0.8489164086687306,42.93782661222495,0.8489164086687306,676600
cluster_utility_frontier,4,4,647,89.27000000000001,3235,90.3232450244981,6.852103120759836,57,1,0.8488408037094282,43.37124530351138,0.8488408037094282,677198
cluster_utility_frontier,4,4,648,89.28,3240,90.33672110919895,6.842818428184281,57,1,0.8487654320987654,43.29868782015073,0.8487654320987654,677198
cluster_utility_frontier,4,4,649,89.3,3245,90.34907597535934,6.838185511171294,57,1,0.8480739599383668,43.243864727583755,0.8480739599383668,677198
cluster_utility_frontier,4,4,650,89.35,3250,90.35815644929805,6.831247886371322,57,1,0.8476923076923077,43.20875467575625,0.8476923076923077,677198
cluster_utility_frontier,4,4,651,89.36,3255,90.37151969657788,6.824324324324324,55,1,0.8473118279569892,43.35346441693684,0.8473118279569892,677975
cluster_utility_frontier,4,4,652,89.36,3260,90.38591885698301,6.817414782315222,55,1,0.8469325153374233,43.5223429839756,0.8469325153374233,677975
cluster_utility_frontier,4,4,653,89.37,3265,90.39909759896868,6.841927873272666,55,1,0.8465543644716692,44.2129839900038,0.8465543644716692,677975
cluster_utility_frontier,4,4,654,89.41,3270,90.40901923345098,6.866374957926624,55,1,0.846177370030581,44.41803951561001,0.846177370030581,677975
cluster_utility_frontier,4,4,655,89.48,3275,90.41569820374674,6.893073301950235,54,1,0.8454961832061069,44.69506362905916,0.8454961832061069,685831
cluster_utility_frontier,4,4,656,89.52,3280,90.42607802874744,6.886126973463218,55,1,0.8451219512195122,44.63042943049014,0.8451219512195122,693692
cluster_utility_frontier,4,4,657,89.59,3285,90.43322263393382,6.876886950687688,55,1,0.8450532724505327,44.54709488077536,0.8450532724505327,694439
cluster_utility_frontier,4,4,658,89.69,3290,90.43663698885749,6.898861352980576,54,1,0.8449848024316109,44.7180846837828,0.8449848024316109,694611
cluster_utility_frontier,4,4,659,89.77000000000001,3295,90.44217071430853,6.923076923076923,54,1,0.8446130500758725,44.8538848830212,0.8446130500758725,694611
cluster_utility_frontier,4,4,660,89.78,3300,90.45513018147797,6.947227788911156,52,2,0.8442424242424242,44.80704980766187,0.8442424242424242,704200
cluster_utility_frontier,4,4,661,89.82,3305,90.46486693064682,6.97364030697364,53,1,0.84357034795764,45.031704238520376,0.84357034795764,704298
cluster_utility_frontier,4,4,662,89.86,3310,90.47467616443002,7.000000000000001,53,1,0.8429003021148036,44.69156348184791,0.8429003021148036,704298
cluster_utility_frontier,4,4,663,89.88000000000001,3315,90.48606994665086,7.023968042609853,53,1,0.8425339366515837,45.02638552645303,0.8425339366515837,704298
cluster_utility_frontier,4,4,664,89.91,3320,90.4963744371393,7.047872340425531,53,1,0.8421686746987952,45.349707765841586,0.8421686746987952,704770
cluster_utility_frontier,4,4,665,89.95,3325,90.50559425796918,7.071713147410359,53,1,0.8418045112781954,45.96222189679359,0.8418045112781954,704770
cluster_utility_frontier,4,4,666,90.0,3330,90.51363401600034,7.095490716180371,53,1,0.8414414414414414,46.579800261893794,0.8414414414414414,704770
